,Expected Annual Damage,Dike Investment Costs,RfR Investment Costs,Evacuation Costs,Expected Number of Deaths,policy
0,4166020868.6916456,0,0.0,0.0,4.848239886572445,policy 0
1,263161878.03350595,0,0.0,0.0,0.2621016965286646,policy 0
2,329058959.12099427,0,0.0,0.0,0.5884705685437588,policy 0
3,2789307334.267984,0,0.0,0.0,1.8450885942775546,policy 0
4,492219234.7126365,0,0.0,0.0,0.5854866933890029,policy 0
5,789631474.8991468,0,0.0,0.0,0.5602201588019736,policy 0
6,2964888441.516514,0,0.0,0.0,1.8322774848787011,policy 0
7,199110559.37198487,0,0.0,0.0,0.2182911642309361,policy 0
8,1528406988.0588148,0,0.0,0.0,3.4625614344738627,policy 0
9,2690695711.7494435,0,0.0,0.0,1.8854590148002304,policy 0
10,325688374.212834,0,0.0,0.0,0.32412419022000816,policy 0
11,2754738849.691599,0,0.0,0.0,1.9414042628067694,policy 0
12,4721467365.814611,0,0.0,0.0,3.4358511287393383,policy 0
13,2744240539.415723,0,0.0,0.0,1.8108732827169345,policy 0
14,2599997598.805839,0,0.0,0.0,1.934205359050546,policy 0
15,323922901.742703,0,0.0,0.0,0.29426923798525134,policy 0
16,3750948385.703125,0,0.0,0.0,1.8457959530845998,policy 0
17,4222695721.985278,0,0.0,0.0,5.447526143428799,policy 0
18,3433214474.279747,0,0.0,0.0,3.2228474069376922,policy 0
19,924682929.7519715,0,0.0,0.0,0.8572239232320845,policy 0
20,2524563650.2581873,0,0.0,0.0,1.8513053184507182,policy 0
21,3217187039.684412,0,0.0,0.0,2.9893884364645205,policy 0
22,149244782.9077261,0,0.0,0.0,0.16189941121967133,policy 0
23,2635575587.0246477,0,0.0,0.0,1.8349844258917654,policy 0
24,197497036.82070345,0,0.0,0.0,0.23651349329705673,policy 0
25,2546321600.9712033,0,0.0,0.0,2.2233332624046476,policy 0
26,3241309254.5216174,0,0.0,0.0,2.0248621003821,policy 0
27,1044004471.1467738,0,0.0,0.0,0.7215504723277285,policy 0
28,3097174386.5728574,0,0.0,0.0,1.821331672290253,policy 0
29,391334212.0979541,0,0.0,0.0,0.3878395260301067,policy 0
30,3279376349.3703785,0,0.0,0.0,2.3764814198713173,policy 0
31,1900880193.0299184,0,0.0,0.0,3.4846095591685917,policy 0
32,187715203.91931912,0,0.0,0.0,0.20897216061775561,policy 0
33,1023794184.9108682,0,0.0,0.0,0.9402701232999036,policy 0
34,1937517051.8251553,0,0.0,0.0,3.462181823894795,policy 0
35,4277237303.4373245,0,0.0,0.0,2.5309817584226324,policy 0
36,2690230992.2202845,0,0.0,0.0,1.8461434913010257,policy 0
37,3143401591.542634,0,0.0,0.0,1.8208550462115807,policy 0
38,226752177.9815876,0,0.0,0.0,0.25065856162496525,policy 0
39,1815464936.9985144,0,0.0,0.0,3.623404474150404,policy 0
40,445286513.9090074,0,0.0,0.0,0.2977622046639623,policy 0
41,1228510031.56605,0,0.0,0.0,1.393803606777184,policy 0
42,2539577265.8819857,0,0.0,0.0,1.8316284174731645,policy 0
43,290140588.7708424,0,0.0,0.0,0.19706120785356077,policy 0
44,2046362544.070108,0,0.0,0.0,1.5829397194414874,policy 0
45,861247961.2741525,0,0.0,0.0,1.1710481476270076,policy 0
46,134656008.51287544,0,0.0,0.0,0.13559040257059346,policy 0
47,840578148.1961715,0,0.0,0.0,0.8746461171816831,policy 0
48,2438327120.844312,0,0.0,0.0,3.749253899839073,policy 0
49,698899882.3975511,0,0.0,0.0,0.8280084042449004,policy 0
50,2747742991.760981,0,0.0,0.0,1.813782150776722,policy 0
51,2954066605.9511747,0,0.0,0.0,1.8266490420741321,policy 0
52,967824478.3300579,0,0.0,0.0,0.8121181058125286,policy 0
53,2935926540.0596175,0,0.0,0.0,1.8101575865577328,policy 0
54,2979714983.3295135,0,0.0,0.0,1.863343179014068,policy 0
55,1532541269.5662167,0,0.0,0.0,1.1408445735343942,policy 0
56,760067108.0738714,0,0.0,0.0,0.8176847734512916,policy 0
57,3048433522.8677516,0,0.0,0.0,2.4974489760332035,policy 0
58,241371866.84527406,0,0.0,0.0,0.19561308495522334,policy 0
59,5417183860.858068,0,0.0,0.0,4.796619648540018,policy 0
60,3323938448.133175,0,0.0,0.0,1.9518369192683103,policy 0
61,1165609724.0857246,0,0.0,0.0,1.1116583057322247,policy 0
62,3408643793.115735,0,0.0,0.0,3.726994161342782,policy 0
63,241264673.52061808,0,0.0,0.0,0.19965780037431993,policy 0
64,2685984823.273886,0,0.0,0.0,1.928126094119001,policy 0
65,761065784.4144547,0,0.0,0.0,0.7022194876109167,policy 0
66,2982235188.736176,0,0.0,0.0,1.9785153634923895,policy 0
67,1999512188.3620303,0,0.0,0.0,1.8152920302687787,policy 0
68,751965545.1158992,0,0.0,0.0,0.9944562493252169,policy 0
69,3686553309.823849,0,0.0,0.0,2.3320174798729654,policy 0
70,3115932441.152083,0,0.0,0.0,2.445174203744692,policy 0
71,2287616216.841626,0,0.0,0.0,3.0716774426191416,policy 0
72,458993379.9174448,0,0.0,0.0,0.6560750665562884,policy 0
73,3108889937.4760103,0,0.0,0.0,4.856046073465631,policy 0
74,2943312292.8131604,0,0.0,0.0,1.812576453170678,policy 0
75,3054849451.670011,0,0.0,0.0,1.9084350743160412,policy 0
76,262683210.04030076,0,0.0,0.0,0.35220152063940424,policy 0
77,329399918.9489595,0,0.0,0.0,0.3144277523366004,policy 0
78,3702060055.105714,0,0.0,0.0,2.9414033616282804,policy 0
79,3375502091.9919786,0,0.0,0.0,2.738280461406993,policy 0
80,2267893306.2524137,0,0.0,0.0,1.895385743903601,policy 0
81,781240365.8348346,0,0.0,0.0,0.8077462241592922,policy 0
82,1170434038.9892945,0,0.0,0.0,1.5612976765098048,policy 0
83,1889620746.974628,0,0.0,0.0,3.3589857831352488,policy 0
84,228064952.60464516,0,0.0,0.0,0.38649172895814643,policy 0
85,2259384472.661467,0,0.0,0.0,3.521873359592032,policy 0
86,239568552.13345242,0,0.0,0.0,0.17537441761183098,policy 0
87,1570059286.120223,0,0.0,0.0,1.1643263836735913,policy 0
88,1808620447.5630176,0,0.0,0.0,3.3687108379419968,policy 0
89,550611344.4267951,0,0.0,0.0,0.4936199571690291,policy 0
90,74264597.08080924,0,0.0,0.0,0.06903722097130195,policy 0
91,2608803015.1932206,0,0.0,0.0,1.8985178423184892,policy 0
92,292435429.7921641,0,0.0,0.0,0.4279849427254476,policy 0
93,1880179780.0750818,0,0.0,0.0,3.339215789685439,policy 0
94,525286399.81499964,0,0.0,0.0,0.35462884933529637,policy 0
95,295324085.3266733,0,0.0,0.0,0.281483720079278,policy 0
96,3113789085.73412,0,0.0,0.0,1.8336111201007013,policy 0
97,452150161.9771275,0,0.0,0.0,0.4843007703334912,policy 0
98,570428134.0618924,0,0.0,0.0,0.4315185115592171,policy 0
99,2594440926.473614,0,0.0,0.0,1.8801079261283893,policy 0
100,571755973.4835622,0,0.0,0.0,0.48524098426810736,policy 0
101,2610816916.2443614,0,0.0,0.0,1.8133496880296782,policy 0
102,468517353.62140363,0,0.0,0.0,0.9181660684679307,policy 0
103,2050138159.8699048,0,0.0,0.0,1.873077455026117,policy 0
104,188097607.62277055,0,0.0,0.0,0.22839236816139666,policy 0
105,385890160.8211628,0,0.0,0.0,0.32288903153475645,policy 0
106,2928323540.9597406,0,0.0,0.0,2.039000271358867,policy 0
107,882982500.8899275,0,0.0,0.0,0.9617853852271347,policy 0
108,2947513409.067685,0,0.0,0.0,1.8179104600910485,policy 0
109,214900139.48557094,0,0.0,0.0,0.21174154923765132,policy 0
110,2553937386.069656,0,0.0,0.0,1.8875281881821886,policy 0
111,1529477887.6213272,0,0.0,0.0,2.38050150207188,policy 0
112,2670970713.191991,0,0.0,0.0,1.8682439763784353,policy 0
113,200282887.30423987,0,0.0,0.0,0.2695765479914396,policy 0
114,2758488049.6293697,0,0.0,0.0,1.7762682752698749,policy 0
115,4615314528.469938,0,0.0,0.0,5.464521691455045,policy 0
116,844465191.6910771,0,0.0,0.0,0.7985079770350911,policy 0
117,816282825.7871821,0,0.0,0.0,1.188537915603414,policy 0
118,2513379177.9065504,0,0.0,0.0,1.8057365605643465,policy 0
119,2726325167.8886147,0,0.0,0.0,1.7965517464773009,policy 0
120,78883935.20931551,0,0.0,0.0,0.056043734121911215,policy 0
121,168461628.1038072,0,0.0,0.0,0.1695398749950791,policy 0
122,1772056130.064844,0,0.0,0.0,1.9400402499146043,policy 0
123,656149165.9013222,0,0.0,0.0,0.9968076827483368,policy 0
124,311111971.412055,0,0.0,0.0,0.396122693296345,policy 0
125,2794956207.380653,0,0.0,0.0,2.2949596135823507,policy 0
126,1215639109.7030208,0,0.0,0.0,1.778842255864387,policy 0
127,194780825.33433968,0,0.0,0.0,0.1566673663699541,policy 0
128,2778845897.135172,0,0.0,0.0,1.9153327886765368,policy 0
129,2928328081.290355,0,0.0,0.0,1.573855597034732,policy 0
130,3669705432.4617953,0,0.0,0.0,3.9997781457978148,policy 0
131,3395166370.5364227,0,0.0,0.0,1.9382789310222779,policy 0
132,594412669.0098321,0,0.0,0.0,0.5158128099132311,policy 0
133,4748269064.183409,0,0.0,0.0,4.888360783957664,policy 0
134,3689814840.659983,0,0.0,0.0,2.132127252312386,policy 0
135,1731724416.0711775,0,0.0,0.0,3.4325689195688756,policy 0
136,1731463702.16145,0,0.0,0.0,3.399766402372907,policy 0
137,3437622116.131057,0,0.0,0.0,1.8079209591548884,policy 0
138,1893972002.3980274,0,0.0,0.0,3.35040729601906,policy 0
139,119436368.07099728,0,0.0,0.0,0.0894896691012572,policy 0
140,2242455531.6246634,0,0.0,0.0,1.7840312644107177,policy 0
141,299146091.7849916,0,0.0,0.0,0.20568555024425034,policy 0
142,373083678.7915955,0,0.0,0.0,0.26474275230921146,policy 0
143,3338596350.1334906,0,0.0,0.0,2.275109037541565,policy 0
144,3016336921.371386,0,0.0,0.0,1.8286782582485828,policy 0
145,831341625.0345285,0,0.0,0.0,0.775489278976788,policy 0
146,1825545610.3543465,0,0.0,0.0,1.6758729346147057,policy 0
147,3355908040.0799036,0,0.0,0.0,3.901402703354706,policy 0
148,1658168473.0208735,0,0.0,0.0,1.3528440245782987,policy 0
149,332152198.00361466,0,0.0,0.0,0.45528196159686146,policy 0
150,677033061.6418912,0,0.0,0.0,0.490658000901664,policy 0
151,1271247531.5166247,0,0.0,0.0,1.5187770093432766,policy 0
152,2413102529.8166947,0,0.0,0.0,1.9073186773511381,policy 0
153,3642207109.390499,0,0.0,0.0,4.575512341746746,policy 0
154,2637380666.094274,0,0.0,0.0,1.8365613318469294,policy 0
155,538481286.0519589,0,0.0,0.0,0.46349211839731685,policy 0
156,3287043126.943231,0,0.0,0.0,4.700412206732399,policy 0
157,225577568.99762458,0,0.0,0.0,0.18428138947682246,policy 0
158,3494201458.274746,0,0.0,0.0,2.080494511899472,policy 0
159,1686309352.3120852,0,0.0,0.0,3.484175415691828,policy 0
160,1991510741.926264,0,0.0,0.0,1.8049754229568347,policy 0
161,974203560.1749945,0,0.0,0.0,0.7223985982671784,policy 0
162,3936747393.3638396,0,0.0,0.0,3.869531998022764,policy 0
163,245232862.9144519,0,0.0,0.0,0.21372152317498944,policy 0
164,272871819.1707096,0,0.0,0.0,0.25856432167842547,policy 0
165,1072882684.2591277,0,0.0,0.0,1.3638695932293132,policy 0
166,564308533.9283785,0,0.0,0.0,0.4243479886009589,policy 0
167,3534259583.1876626,0,0.0,0.0,2.566340166777635,policy 0
168,2479092373.66705,0,0.0,0.0,2.0159619991511737,policy 0
169,227219318.36199772,0,0.0,0.0,0.3586956953874824,policy 0
170,438746547.9879539,0,0.0,0.0,0.47261534991450493,policy 0
171,2156599288.7961555,0,0.0,0.0,3.814143193586746,policy 0
172,887070232.685282,0,0.0,0.0,1.490765072740972,policy 0
173,2313851512.381507,0,0.0,0.0,2.531499363618492,policy 0
174,2553659247.8122196,0,0.0,0.0,4.004536790650964,policy 0
175,4377633869.061153,0,0.0,0.0,3.028737444410026,policy 0
176,1567491667.68819,0,0.0,0.0,0.9900501976724448,policy 0
177,2263998162.841906,0,0.0,0.0,3.5561491563804406,policy 0
178,388420281.40034336,0,0.0,0.0,0.5255442639393942,policy 0
179,3143535733.8933845,0,0.0,0.0,1.8510614152213725,policy 0
180,1419840992.9196856,0,0.0,0.0,2.017891006117245,policy 0
181,1093421689.5048382,0,0.0,0.0,1.8050669554785936,policy 0
182,1296831512.7637522,0,0.0,0.0,1.1316022240737211,policy 0
183,3234780370.5666094,0,0.0,0.0,1.8218435155302117,policy 0
184,357997486.1032934,0,0.0,0.0,0.4212677110998547,policy 0
185,118676510.55808724,0,0.0,0.0,0.18722970699527217,policy 0
186,83174408.59783937,0,0.0,0.0,0.12044811587050762,policy 0
187,2757448259.6091347,0,0.0,0.0,1.8218435155302117,policy 0
188,2837532045.1742196,0,0.0,0.0,1.8671193286027543,policy 0
189,2475221136.5254083,0,0.0,0.0,3.7645083718982812,policy 0
190,2834067663.990024,0,0.0,0.0,1.8430975325446628,policy 0
191,2300625998.1611886,0,0.0,0.0,3.4524480483363686,policy 0
192,211282052.95667285,0,0.0,0.0,0.27896734478671403,policy 0
193,292446689.6873144,0,0.0,0.0,0.2331538146419794,policy 0
194,506245195.0905112,0,0.0,0.0,0.46142705031566866,policy 0
195,711555005.2559645,0,0.0,0.0,0.6831293741225705,policy 0
196,2212633388.79156,0,0.0,0.0,1.8576926785329646,policy 0
197,2735347937.712298,0,0.0,0.0,2.0398862244786304,policy 0
198,394393043.36617565,0,0.0,0.0,0.6488556949377661,policy 0
199,372763192.4648029,0,0.0,0.0,0.5380141880237275,policy 0
200,2783662487.236478,0,0.0,0.0,1.8773957380387618,policy 0
201,3258751209.3159304,0,0.0,0.0,1.8388093549340088,policy 0
202,686620561.4373143,0,0.0,0.0,1.2821286178804057,policy 0
203,430890590.7817035,0,0.0,0.0,0.8596124592173662,policy 0
204,154662363.81430292,0,0.0,0.0,0.16499483458070113,policy 0
205,783169139.1897614,0,0.0,0.0,0.5885314028085717,policy 0
206,3060369404.380754,0,0.0,0.0,1.7941285299584546,policy 0
207,385542399.5568681,0,0.0,0.0,0.6319818212992726,policy 0
208,2838184293.4858246,0,0.0,0.0,1.84026267608961,policy 0
209,1465664038.215425,0,0.0,0.0,3.395004839359417,policy 0
210,1024342292.8678759,0,0.0,0.0,0.8989687300109381,policy 0
211,1110254100.2933788,0,0.0,0.0,1.524484301406816,policy 0
212,114062097.3577943,0,0.0,0.0,0.12470254584354723,policy 0
213,2291642902.595535,0,0.0,0.0,1.8334179477256893,policy 0
214,1797468151.8117008,0,0.0,0.0,1.350060130887457,policy 0
215,394023836.98956287,0,0.0,0.0,0.5135738139068519,policy 0
216,1155117483.7361572,0,0.0,0.0,2.086027452866371,policy 0
217,2176787006.5410523,0,0.0,0.0,3.4436634978235787,policy 0
218,4632128736.6826,0,0.0,0.0,5.4940034884621305,policy 0
219,437036889.1704379,0,0.0,0.0,0.4243740268752876,policy 0
220,375811918.37727106,0,0.0,0.0,0.32726198548265545,policy 0
221,146604716.85459468,0,0.0,0.0,0.12540093339334127,policy 0
222,356419023.5346264,0,0.0,0.0,0.3796329390080569,policy 0
223,652468843.0222777,0,0.0,0.0,0.8697771024667401,policy 0
224,1023461474.1843895,0,0.0,0.0,1.3175685869865967,policy 0
225,2044364984.751028,0,0.0,0.0,3.509970795045148,policy 0
226,3015205569.498121,0,0.0,0.0,2.1366389497529776,policy 0
227,2659633856.627181,0,0.0,0.0,1.814579785803701,policy 0
228,3235857874.7299,0,0.0,0.0,1.8243724411123232,policy 0
229,214672418.73627472,0,0.0,0.0,0.20159544826162354,policy 0
230,1010891661.0739298,0,0.0,0.0,0.8120884035517566,policy 0
231,5380098908.579487,0,0.0,0.0,4.988705905265198,policy 0
232,303379351.0243263,0,0.0,0.0,0.43847386393789356,policy 0
233,680921628.2002275,0,0.0,0.0,0.6542625606969147,policy 0
234,348741616.3064729,0,0.0,0.0,0.5267934215031151,policy 0
235,918644501.472431,0,0.0,0.0,0.8136720661758865,policy 0
236,1277636103.1057913,0,0.0,0.0,1.113343039549894,policy 0
237,3194500421.358877,0,0.0,0.0,1.793332437381996,policy 0
238,2123759210.5989377,0,0.0,0.0,2.0708131802031287,policy 0
239,497650076.36553556,0,0.0,0.0,1.0839862979579824,policy 0
240,3506152775.323093,0,0.0,0.0,2.8205318265105053,policy 0
241,2804033504.720929,0,0.0,0.0,1.8542797261035515,policy 0
242,568668111.3009349,0,0.0,0.0,1.2906024248653292,policy 0
243,2648659558.804744,0,0.0,0.0,1.8469400996309258,policy 0
244,323369300.6073235,0,0.0,0.0,0.22632388969675515,policy 0
245,2807567198.8219523,0,0.0,0.0,2.4115265329347735,policy 0
246,281912778.40654033,0,0.0,0.0,0.2500890768050167,policy 0
247,1658368727.6898656,0,0.0,0.0,1.4211229846879299,policy 0
248,336183244.74678993,0,0.0,0.0,0.6352312719324322,policy 0
249,1277478777.732762,0,0.0,0.0,2.7731150095833264,policy 0
250,1446202935.7935479,0,0.0,0.0,2.892188931475356,policy 0
251,309148281.99905694,0,0.0,0.0,0.3114758416551948,policy 0
252,1650135017.0160718,0,0.0,0.0,1.8815111912627729,policy 0
253,446062082.1826632,0,0.0,0.0,0.2726712323105158,policy 0
254,2892565530.8510494,0,0.0,0.0,1.964249802141433,policy 0
255,812687824.5033382,0,0.0,0.0,2.040044157166121,policy 0
256,2325601184.5654926,0,0.0,0.0,3.4168731413741553,policy 0
257,3436868235.953486,0,0.0,0.0,2.332880927668234,policy 0
258,1706157281.0239444,0,0.0,0.0,3.363164407722537,policy 0
259,3022262484.5380864,0,0.0,0.0,2.1212323020221246,policy 0
260,3114644240.206965,0,0.0,0.0,1.8342431088488704,policy 0
261,2659070495.7216682,0,0.0,0.0,2.676399751197175,policy 0
262,2465326771.6862755,0,0.0,0.0,1.8049754229568347,policy 0
263,496119558.5456729,0,0.0,0.0,0.4435270647622034,policy 0
264,1911156640.685526,0,0.0,0.0,1.4797415722317122,policy 0
265,2732312043.9035234,0,0.0,0.0,1.8005059997402741,policy 0
266,4225615573.6566334,0,0.0,0.0,4.535987299348058,policy 0
267,868944382.9349835,0,0.0,0.0,0.8100939583987852,policy 0
268,755506675.2465063,0,0.0,0.0,1.2911024303642595,policy 0
269,372728341.16378623,0,0.0,0.0,0.5308229701647171,policy 0
270,2498454263.486844,0,0.0,0.0,1.8355171335797142,policy 0
271,2411408268.4975805,0,0.0,0.0,1.9014018962387194,policy 0
272,1768502735.52466,0,0.0,0.0,3.450472074794111,policy 0
273,117687462.45274408,0,0.0,0.0,0.13986627313335276,policy 0
274,204595626.5849112,0,0.0,0.0,0.17514487259094047,policy 0
275,673013648.4550943,0,0.0,0.0,0.9778875333994851,policy 0
276,197886401.13731962,0,0.0,0.0,0.14038324951994635,policy 0
277,4158193690.6135054,0,0.0,0.0,4.887422488780455,policy 0
278,2545487535.9577584,0,0.0,0.0,3.5230291190133562,policy 0
279,3228334576.142263,0,0.0,0.0,2.5182589162612885,policy 0
280,449617565.05458534,0,0.0,0.0,0.36886280699036467,policy 0
281,439358033.6792293,0,0.0,0.0,0.42445988322302064,policy 0
282,264794784.64082286,0,0.0,0.0,0.2752545751771486,policy 0
283,2378900497.886751,0,0.0,0.0,3.7652875173493627,policy 0
284,2130759169.341207,0,0.0,0.0,1.8077073507829187,policy 0
285,2763677256.009124,0,0.0,0.0,1.77857297468454,policy 0
286,1109960153.2298074,0,0.0,0.0,1.2778060235618078,policy 0
287,816316221.324184,0,0.0,0.0,0.6128301352214798,policy 0
288,2399958051.1958065,0,0.0,0.0,1.9532510506336929,policy 0
289,2321734454.993463,0,0.0,0.0,1.8299526182243875,policy 0
290,1503942089.5762014,0,0.0,0.0,2.8231726021128227,policy 0
291,3411146651.677589,0,0.0,0.0,3.9778815940182612,policy 0
292,967731168.3227357,0,0.0,0.0,0.9004441089866515,policy 0
293,4981831801.352822,0,0.0,0.0,4.988800571286119,policy 0
294,2513578849.65519,0,0.0,0.0,3.512084227530827,policy 0
295,217578359.72570682,0,0.0,0.0,0.37314504034455426,policy 0
296,5198558662.808733,0,0.0,0.0,4.579919462241283,policy 0
297,450756504.39554024,0,0.0,0.0,0.3775896059646823,policy 0
298,1028513338.550045,0,0.0,0.0,1.0412694306160613,policy 0
299,874030553.1357576,0,0.0,0.0,0.9334875774017029,policy 0
300,548929736.4232824,0,0.0,0.0,0.5595270506214136,policy 0
301,1880770287.0248165,0,0.0,0.0,1.8363286780536519,policy 0
302,512740415.87218404,0,0.0,0.0,0.5449557879193212,policy 0
303,1456467392.6891997,0,0.0,0.0,1.5281946651127196,policy 0
304,2180200909.280652,0,0.0,0.0,1.8310603662614413,policy 0
305,1194766653.9976196,0,0.0,0.0,1.7795434948028501,policy 0
306,2489864453.620459,0,0.0,0.0,3.6607396483605696,policy 0
307,342573964.1538347,0,0.0,0.0,0.32023071104121853,policy 0
308,3306370552.147173,0,0.0,0.0,1.9444302371107698,policy 0
309,2493458735.983758,0,0.0,0.0,1.8309121296352555,policy 0
310,1069127325.4102799,0,0.0,0.0,1.058017363790305,policy 0
311,615842572.4343077,0,0.0,0.0,1.3270949044916736,policy 0
312,69206053.16306609,0,0.0,0.0,0.06643428923431698,policy 0
313,747587706.5709567,0,0.0,0.0,1.042234994060603,policy 0
314,2220519908.972879,0,0.0,0.0,1.842904760378604,policy 0
315,3071493997.770191,0,0.0,0.0,2.378778741738754,policy 0
316,2720687691.4013906,0,0.0,0.0,2.0133197487618815,policy 0
317,2113347436.7936242,0,0.0,0.0,1.7899496458264186,policy 0
318,811683315.9415232,0,0.0,0.0,0.6885485287832662,policy 0
319,178055860.92872894,0,0.0,0.0,0.1459110870256654,policy 0
320,2735329965.2648554,0,0.0,0.0,2.007564172686021,policy 0
321,914963212.2495654,0,0.0,0.0,0.7250119967605974,policy 0
322,2624027125.5680885,0,0.0,0.0,1.7840312644107177,policy 0
323,974807346.0121095,0,0.0,0.0,0.822648216103496,policy 0
324,1953968111.446145,0,0.0,0.0,2.9312444412704153,policy 0
325,1814214169.0277994,0,0.0,0.0,2.0410687849666975,policy 0
326,3176739138.7227983,0,0.0,0.0,1.8822113733562122,policy 0
327,2751553718.2433047,0,0.0,0.0,3.3865578719477862,policy 0
328,2528361130.0866046,0,0.0,0.0,1.819291443980671,policy 0
329,251409353.5275845,0,0.0,0.0,0.20979138477278897,policy 0
330,2905536766.5972476,0,0.0,0.0,1.7862385695597431,policy 0
331,196359539.02462655,0,0.0,0.0,0.25243706400404553,policy 0
332,791926641.9200869,0,0.0,0.0,0.7942605286073432,policy 0
333,358977821.20248294,0,0.0,0.0,0.2979982791254324,policy 0
334,3140949377.192398,0,0.0,0.0,4.239019835289943,policy 0
335,3539866593.3176403,0,0.0,0.0,3.565513908631364,policy 0
336,388739297.7074342,0,0.0,0.0,0.7278917101370093,policy 0
337,2762291460.654134,0,0.0,0.0,1.8258647917009059,policy 0
338,2860069493.921017,0,0.0,0.0,1.8585439583878711,policy 0
339,199304828.754886,0,0.0,0.0,0.2559091470977107,policy 0
340,2010163113.8101397,0,0.0,0.0,1.884797960123282,policy 0
341,247539902.61524794,0,0.0,0.0,0.1272219324109241,policy 0
342,2101882816.3897817,0,0.0,0.0,2.0169324819938135,policy 0
343,2339873874.5124235,0,0.0,0.0,2.3529457778665943,policy 0
344,3535340010.0796824,0,0.0,0.0,2.5660304949649717,policy 0
345,2449024012.189048,0,0.0,0.0,1.7899496458264186,policy 0
346,891677983.5564077,0,0.0,0.0,1.6097814946176117,policy 0
347,135302938.99452615,0,0.0,0.0,0.221776506397494,policy 0
348,1667722912.7294683,0,0.0,0.0,3.2880398791010865,policy 0
349,1863434949.9580555,0,0.0,0.0,3.5558824175499497,policy 0
350,5014651307.317097,0,0.0,0.0,5.510221436029454,policy 0
351,2172881021.956901,0,0.0,0.0,1.793332437381996,policy 0
352,661263876.3126613,0,0.0,0.0,1.05109268091546,policy 0
353,291306610.5313793,0,0.0,0.0,0.33311489965400354,policy 0
354,1912683958.0959811,0,0.0,0.0,3.3625875461124597,policy 0
355,2971971733.228499,0,0.0,0.0,1.864920071276241,policy 0
356,632964318.7234279,0,0.0,0.0,0.7088825543688064,policy 0
357,1033247800.2379378,0,0.0,0.0,0.8561194818906751,policy 0
358,209232092.32546142,0,0.0,0.0,0.21800418111046355,policy 0
359,1345557078.8363323,0,0.0,0.0,1.153238039612889,policy 0
360,4610662445.81294,0,0.0,0.0,4.821650169364015,policy 0
361,347137063.9751611,0,0.0,0.0,0.3321152669460041,policy 0
362,1110026159.3374827,0,0.0,0.0,0.8915667419435733,policy 0
363,1084614155.2864735,0,0.0,0.0,0.8154943355360378,policy 0
364,3052427944.0634956,0,0.0,0.0,4.144010927362343,policy 0
365,277791742.5377121,0,0.0,0.0,0.25908614314692985,policy 0
366,3679089203.411637,0,0.0,0.0,2.9288418296531495,policy 0
367,3742558051.98333,0,0.0,0.0,1.840621066271032,policy 0
368,1642950133.9511147,0,0.0,0.0,1.3043687591066184,policy 0
369,593438898.4036888,0,0.0,0.0,0.42844752269973796,policy 0
370,1483920315.439356,0,0.0,0.0,2.7944626337785228,policy 0
371,2069714047.4605536,0,0.0,0.0,3.4016663797422027,policy 0
372,260202089.7173229,0,0.0,0.0,0.2987719797519378,policy 0
373,390983231.7791387,0,0.0,0.0,0.46713705119997173,policy 0
374,1658051104.7563815,0,0.0,0.0,3.403535671763971,policy 0
375,258595524.1217134,0,0.0,0.0,0.3037122636310248,policy 0
376,1280332426.979229,0,0.0,0.0,0.8450902350457051,policy 0
377,94219273.08120151,0,0.0,0.0,0.12151678180960292,policy 0
378,966907759.634765,0,0.0,0.0,0.9686328079055374,policy 0
379,2352489815.7563233,0,0.0,0.0,1.5710950593655433,policy 0
380,2331025587.808749,0,0.0,0.0,1.8152152072648262,policy 0
381,123600345.22993049,0,0.0,0.0,0.09304660822809165,policy 0
382,924777795.7674885,0,0.0,0.0,0.7055894023156007,policy 0
383,1523910113.9237669,0,0.0,0.0,2.055802488395695,policy 0
384,1161018021.6153424,0,0.0,0.0,0.8548187362623786,policy 0
385,2915443206.283262,0,0.0,0.0,1.9522074834944663,policy 0
386,336872545.92544764,0,0.0,0.0,0.3041094850281326,policy 0
387,1976906391.773814,0,0.0,0.0,3.4046972762833527,policy 0
388,188532430.41739434,0,0.0,0.0,0.20979424794334045,policy 0
389,1651243903.9260085,0,0.0,0.0,1.051820692191547,policy 0
390,2322374910.882418,0,0.0,0.0,3.324966775688489,policy 0
391,1141153751.5802882,0,0.0,0.0,0.8329486079974546,policy 0
392,1237414070.063808,0,0.0,0.0,1.6231728255328668,policy 0
393,205087544.75605977,0,0.0,0.0,0.27193133942765274,policy 0
394,1629818950.642234,0,0.0,0.0,1.3388405995017871,policy 0
395,636186472.3286179,0,0.0,0.0,0.3286120007964287,policy 0
396,3105627992.706524,0,0.0,0.0,3.9736005278748845,policy 0
397,2382878130.240728,0,0.0,0.0,3.413010489524409,policy 0
398,214964471.1761656,0,0.0,0.0,0.2533871117703876,policy 0
399,2857457109.382542,0,0.0,0.0,2.521804096999881,policy 0
400,3272215006.9056835,0,0.0,0.0,1.9210787938122629,policy 0
401,2842311796.8632092,0,0.0,0.0,1.8407011329359482,policy 0
402,3148654226.800827,0,0.0,0.0,1.893520613527685,policy 0
403,775190278.8051542,0,0.0,0.0,0.5728619741362254,policy 0
404,1312464889.9998121,0,0.0,0.0,1.1562339906331551,policy 0
405,2886121739.1570716,0,0.0,0.0,1.9713617661174738,policy 0
406,1101657412.2962012,0,0.0,0.0,1.8262930732314353,policy 0
407,4716963418.538277,0,0.0,0.0,4.952889953470644,policy 0
408,3420115034.60335,0,0.0,0.0,3.2998619317625506,policy 0
409,1542748437.5787656,0,0.0,0.0,3.0551227250432933,policy 0
410,2765941253.0111246,0,0.0,0.0,2.014113277715921,policy 0
411,137137009.37558278,0,0.0,0.0,0.1565102219178278,policy 0
412,3480954661.7223444,0,0.0,0.0,1.8608724951726991,policy 0
413,731825901.8710446,0,0.0,0.0,0.6028819559491382,policy 0
414,2844607059.5982275,0,0.0,0.0,1.8463140594120042,policy 0
415,2283475809.827229,0,0.0,0.0,1.8252169895705213,policy 0
416,2886030860.559102,0,0.0,0.0,2.0498657231697157,policy 0
417,1733078622.4465506,0,0.0,0.0,2.0200129628164967,policy 0
418,913088188.2024488,0,0.0,0.0,0.6961185095905325,policy 0
419,2428269330.8166103,0,0.0,0.0,2.058732207616419,policy 0
420,3338677916.1466856,0,0.0,0.0,4.782646136782935,policy 0
421,2317021081.051825,0,0.0,0.0,1.859707969569651,policy 0
422,4062422983.409814,0,0.0,0.0,2.4661609147584738,policy 0
423,2038493372.1673632,0,0.0,0.0,1.8779880747768416,policy 0
424,223551369.81899643,0,0.0,0.0,0.17619603823201851,policy 0
425,1545801282.051428,0,0.0,0.0,3.328738530799638,policy 0
426,1819774856.8095305,0,0.0,0.0,3.4849642193034907,policy 0
427,1254246074.8801136,0,0.0,0.0,1.7670072720155703,policy 0
428,119226115.2652551,0,0.0,0.0,0.1424643196265563,policy 0
429,201955104.51207644,0,0.0,0.0,0.21192580792416493,policy 0
430,2848110606.92807,0,0.0,0.0,1.8942745466911997,policy 0
431,2119782485.9634216,0,0.0,0.0,1.954582679215446,policy 0
432,1379694603.868383,0,0.0,0.0,1.177938393334275,policy 0
433,2950002506.7288666,0,0.0,0.0,1.8174962816860911,policy 0
434,680358445.1153504,0,0.0,0.0,0.5470793616637922,policy 0
435,1803583179.0556843,0,0.0,0.0,3.5280707409937966,policy 0
436,3171250054.255998,0,0.0,0.0,2.173342332396768,policy 0
437,3902411811.6449738,0,0.0,0.0,1.9483543808037396,policy 0
438,3007724349.947873,0,0.0,0.0,1.8804738546243163,policy 0
439,291816840.9885125,0,0.0,0.0,0.2649621210422863,policy 0
440,3693626235.56238,0,0.0,0.0,4.398815337051804,policy 0
441,183751058.3152892,0,0.0,0.0,0.21930708509750552,policy 0
442,324893816.71608585,0,0.0,0.0,0.45050783860278415,policy 0
443,76728041.95352569,0,0.0,0.0,0.07568065811950947,policy 0
444,3262636392.2796264,0,0.0,0.0,2.152178519285257,policy 0
445,1608517201.996577,0,0.0,0.0,1.9269354104472087,policy 0
446,803685328.1588082,0,0.0,0.0,0.8121181058125286,policy 0
447,1988506330.4779644,0,0.0,0.0,1.8015472813756426,policy 0
448,57361210.59671328,0,0.0,0.0,0.07452690649320295,policy 0
449,448652578.320946,0,0.0,0.0,0.4941264537102447,policy 0
450,3348691272.492739,0,0.0,0.0,2.2749309968427793,policy 0
451,357264212.4017542,0,0.0,0.0,0.3342275605736258,policy 0
452,2075137205.573513,0,0.0,0.0,3.7678462436780746,policy 0
453,2455562035.45398,0,0.0,0.0,1.947609311559055,policy 0
454,271650836.5983077,0,0.0,0.0,0.3675336391819838,policy 0
455,1971637644.2956276,0,0.0,0.0,3.3703776742928153,policy 0
456,4480234718.643938,0,0.0,0.0,4.888019230725899,policy 0
457,168354038.59197044,0,0.0,0.0,0.15360086145440668,policy 0
458,1014211645.2605346,0,0.0,0.0,1.5722613822036875,policy 0
459,269579395.1884745,0,0.0,0.0,0.44935066831476145,policy 0
460,2409964078.918529,0,0.0,0.0,3.6055946746088634,policy 0
461,3414284407.5087543,0,0.0,0.0,2.637186173090253,policy 0
462,578619612.2145143,0,0.0,0.0,0.4536604890280551,policy 0
463,243553387.4183562,0,0.0,0.0,0.155640466323277,policy 0
464,3608100291.919694,0,0.0,0.0,4.876413692636838,policy 0
465,858882148.2057743,0,0.0,0.0,1.114294998777009,policy 0
466,385767760.5244707,0,0.0,0.0,0.6073762353569513,policy 0
467,290458160.87291265,0,0.0,0.0,0.18347025380018617,policy 0
468,1876621972.1012673,0,0.0,0.0,2.3485599109863933,policy 0
469,2202099760.7398434,0,0.0,0.0,1.8237379079705973,policy 0
470,3158463141.603253,0,0.0,0.0,1.8730300384205292,policy 0
471,2609564432.065076,0,0.0,0.0,1.81225507670705,policy 0
472,2764030928.759273,0,0.0,0.0,1.9598052163449495,policy 0
473,1454865344.305536,0,0.0,0.0,3.3880906254898657,policy 0
474,1109412304.5652015,0,0.0,0.0,2.1316507438951873,policy 0
475,130080664.80220753,0,0.0,0.0,0.11450918529876908,policy 0
476,3627427243.804583,0,0.0,0.0,4.341438142538749,policy 0
477,372857765.9317359,0,0.0,0.0,0.43438739689106054,policy 0
478,2766761551.561636,0,0.0,0.0,1.8295763652968775,policy 0
479,460549835.79784817,0,0.0,0.0,0.3909605153692588,policy 0
480,1060908633.200233,0,0.0,0.0,1.2076241332568767,policy 0
481,760556335.7804742,0,0.0,0.0,0.9517741469036037,policy 0
482,139643074.69569784,0,0.0,0.0,0.2015497113674708,policy 0
483,3424508773.947255,0,0.0,0.0,1.818997927101325,policy 0
484,2639953898.1575212,0,0.0,0.0,1.8388093549340088,policy 0
485,2498380220.2503295,0,0.0,0.0,1.8358699044726725,policy 0
486,2695346257.0470533,0,0.0,0.0,1.9908200731112493,policy 0
487,357306098.42550117,0,0.0,0.0,0.23802456300461208,policy 0
488,2012859102.2770762,0,0.0,0.0,3.002693918536961,policy 0
489,129705096.98439664,0,0.0,0.0,0.10455932743476574,policy 0
490,2758907830.649728,0,0.0,0.0,1.8230554055414185,policy 0
491,2699441336.8710136,0,0.0,0.0,1.8955701451367433,policy 0
492,4884843503.52748,0,0.0,0.0,4.768562149766776,policy 0
493,2361458000.3262267,0,0.0,0.0,1.8456135353895435,policy 0
494,3130276644.952244,0,0.0,0.0,1.8457959530845998,policy 0
495,1012824617.409345,0,0.0,0.0,1.8302702923879344,policy 0
496,1271852869.1069937,0,0.0,0.0,1.3600936164735022,policy 0
497,2402232087.6410804,0,0.0,0.0,1.564120055243879,policy 0
498,1159677186.483305,0,0.0,0.0,1.8522975953235712,policy 0
499,1384663373.512301,0,0.0,0.0,2.945899041218386,policy 0
500,2206615253.8252516,0,0.0,0.0,1.8284365067671073,policy 0
501,3045509396.181786,0,0.0,0.0,2.8068358014853145,policy 0
502,3407432982.8288713,0,0.0,0.0,1.809484890993219,policy 0
503,258676854.27700084,0,0.0,0.0,0.24734930544248734,policy 0
504,2306837482.688616,0,0.0,0.0,2.8593295631666735,policy 0
505,3253997147.4853997,0,0.0,0.0,1.839040661613774,policy 0
506,258655814.58243704,0,0.0,0.0,0.29502696328218403,policy 0
507,2300884699.397975,0,0.0,0.0,3.416224651004458,policy 0
508,1353320416.345975,0,0.0,0.0,1.4725247801469563,policy 0
509,2536580129.854268,0,0.0,0.0,1.8273723690807928,policy 0
510,2404590740.8358464,0,0.0,0.0,3.3946442337506806,policy 0
511,1417591413.1842735,0,0.0,0.0,0.9885989615011378,policy 0
512,597001379.0604855,0,0.0,0.0,0.5139467383736507,policy 0
513,539297957.355833,0,0.0,0.0,0.405829097259233,policy 0
514,2963762951.71072,0,0.0,0.0,2.1123022268274796,policy 0
515,2415917681.195633,0,0.0,0.0,2.2405539734953273,policy 0
516,1086021319.6457908,0,0.0,0.0,1.2301016656161003,policy 0
517,1001926314.1602564,0,0.0,0.0,1.231858012884159,policy 0
518,558225919.5076773,0,0.0,0.0,0.4807670620292267,policy 0
519,904841036.0815438,0,0.0,0.0,0.7627453501424201,policy 0
520,1361069983.3184106,0,0.0,0.0,0.8238566544582943,policy 0
521,342945817.44601244,0,0.0,0.0,0.41611849890008956,policy 0
522,69018268.8608301,0,0.0,0.0,0.07700162173014001,policy 0
523,3467834576.941578,0,0.0,0.0,2.007761097282374,policy 0
524,573023505.9841485,0,0.0,0.0,0.46661861729408105,policy 0
525,2962803384.816898,0,0.0,0.0,1.8306599200173694,policy 0
526,2569514426.2039514,0,0.0,0.0,1.8587629890764763,policy 0
527,1800753370.7569044,0,0.0,0.0,3.5964456541589263,policy 0
528,1843063297.096446,0,0.0,0.0,1.590513662112355,policy 0
529,2607982903.252221,0,0.0,0.0,1.8108732827169345,policy 0
530,527048191.1757062,0,0.0,0.0,0.668576353560802,policy 0
531,679501349.4492227,0,0.0,0.0,0.7516596064807938,policy 0
532,2776196023.9000497,0,0.0,0.0,1.8666018076162578,policy 0
533,425927179.3949085,0,0.0,0.0,0.3238521852335515,policy 0
534,883361047.0750041,0,0.0,0.0,0.626841066294387,policy 0
535,380589723.5401923,0,0.0,0.0,0.3567407155211081,policy 0
536,2382704054.1450977,0,0.0,0.0,3.385383470452671,policy 0
537,192199060.00480726,0,0.0,0.0,0.3105502485431046,policy 0
538,2081226097.3512452,0,0.0,0.0,3.430742580960384,policy 0
539,2593452925.6532993,0,0.0,0.0,2.0920350158463314,policy 0
540,3118997873.268393,0,0.0,0.0,2.5530515012599224,policy 0
541,374994974.96244115,0,0.0,0.0,0.5850458959079854,policy 0
542,3053054784.359987,0,0.0,0.0,2.5965508176312557,policy 0
543,2969064973.2512197,0,0.0,0.0,1.8355171335797142,policy 0
544,258240322.11734605,0,0.0,0.0,0.2021416363800121,policy 0
545,789190431.5336164,0,0.0,0.0,0.9345200077788692,policy 0
546,1956194817.939411,0,0.0,0.0,3.423998920055619,policy 0
547,898923303.9322016,0,0.0,0.0,0.835339007752576,policy 0
548,1515672943.1461184,0,0.0,0.0,3.044744748312037,policy 0
549,307510331.00527203,0,0.0,0.0,0.25147917235132866,policy 0
550,4042512316.806679,0,0.0,0.0,5.115286971476063,policy 0
551,368159153.8862842,0,0.0,0.0,0.37552362185540744,policy 0
552,213923181.71071318,0,0.0,0.0,0.2552954363294409,policy 0
553,4163657892.460822,0,0.0,0.0,2.7751405309545456,policy 0
554,665366336.6642586,0,0.0,0.0,1.1974644450117313,policy 0
555,160459988.18626928,0,0.0,0.0,0.1345247013442205,policy 0
556,3028392069.5685444,0,0.0,0.0,1.8829266657402859,policy 0
557,952129024.2828993,0,0.0,0.0,0.7825420983268437,policy 0
558,2292192065.040301,0,0.0,0.0,1.9264317606001302,policy 0
559,436424741.7487514,0,0.0,0.0,0.662643400006137,policy 0
560,1221626746.410096,0,0.0,0.0,0.6815888015233216,policy 0
561,565411103.266619,0,0.0,0.0,0.4222546031796737,policy 0
562,559028159.0263609,0,0.0,0.0,0.3731467523378701,policy 0
563,1448834575.044624,0,0.0,0.0,2.192910227609432,policy 0
564,997055256.9345291,0,0.0,0.0,0.895220143991516,policy 0
565,584033377.9899635,0,0.0,0.0,0.5304321693353722,policy 0
566,1064193731.0012581,0,0.0,0.0,0.8977523413551984,policy 0
567,2579117106.8765035,0,0.0,0.0,1.7856600821600201,policy 0
568,4473432992.726431,0,0.0,0.0,4.57971471503849,policy 0
569,413390935.4180739,0,0.0,0.0,0.3392879718264319,policy 0
570,2891767252.345835,0,0.0,0.0,3.873360098746252,policy 0
571,1040530222.3896909,0,0.0,0.0,1.2584176727718621,policy 0
572,2630625812.0832415,0,0.0,0.0,1.8306599200173694,policy 0
573,1865915574.9580278,0,0.0,0.0,1.8199106297957715,policy 0
574,652439251.1859802,0,0.0,0.0,0.8274957763260864,policy 0
575,262141638.2579555,0,0.0,0.0,0.18494047291189908,policy 0
576,753458960.4823326,0,0.0,0.0,1.3088079810652384,policy 0
577,2685766504.9553165,0,0.0,0.0,1.86508707564178,policy 0
578,3153095829.57028,0,0.0,0.0,3.9256870681840184,policy 0
579,1046016712.9690073,0,0.0,0.0,1.6669112498721728,policy 0
580,1446248460.5832913,0,0.0,0.0,0.8847268435711015,policy 0
581,670848836.1217095,0,0.0,0.0,0.5996856564323032,policy 0
582,3329825296.336193,0,0.0,0.0,2.229787811124737,policy 0
583,2548297747.100489,0,0.0,0.0,1.8373244422877555,policy 0
584,925083191.3435063,0,0.0,0.0,0.5799164888010369,policy 0
585,80018370.47504821,0,0.0,0.0,0.07398262132721821,policy 0
586,242180632.22158164,0,0.0,0.0,0.21814091858347276,policy 0
587,2634468897.7530937,0,0.0,0.0,1.834017605587527,policy 0
588,808169232.6257405,0,0.0,0.0,0.8189132336141539,policy 0
589,82366676.35628858,0,0.0,0.0,0.07914043529398446,policy 0
590,2399580567.35603,0,0.0,0.0,3.047830551133236,policy 0
591,3162913353.068503,0,0.0,0.0,1.8324031318059162,policy 0
592,3222410606.7905593,0,0.0,0.0,2.0404161643331413,policy 0
593,1204488921.819409,0,0.0,0.0,1.022859154909767,policy 0
594,2884087475.9360094,0,0.0,0.0,3.2237961844923255,policy 0
595,265098216.4635501,0,0.0,0.0,0.20920673983651397,policy 0
596,915202921.705102,0,0.0,0.0,0.7881053662928295,policy 0
597,50871206.48693075,0,0.0,0.0,0.04498525108811272,policy 0
598,345496133.0123799,0,0.0,0.0,0.32199932045617696,policy 0
599,2369542068.124016,0,0.0,0.0,1.8560123649783786,policy 0
600,2639180643.9814386,0,0.0,0.0,1.8386077679724315,policy 0
601,2101440926.0666027,0,0.0,0.0,1.6358567776528092,policy 0
602,214270002.11349583,0,0.0,0.0,0.2517245261252157,policy 0
603,2890185708.9580956,0,0.0,0.0,1.828754035517512,policy 0
604,2810624125.7438536,0,0.0,0.0,1.8186704768442659,policy 0
605,1178748755.947673,0,0.0,0.0,0.8230645768736924,policy 0
606,202312053.92287862,0,0.0,0.0,0.19513003582732533,policy 0
607,250786711.7396575,0,0.0,0.0,0.37555499776383394,policy 0
608,227569796.65608665,0,0.0,0.0,0.2721654321187011,policy 0
609,364149534.49961215,0,0.0,0.0,0.3244403201718973,policy 0
610,449775066.32137346,0,0.0,0.0,0.34724295834864294,policy 0
611,1697296997.9954078,0,0.0,0.0,3.3785271444543215,policy 0
612,852900425.8829259,0,0.0,0.0,0.8062691520519055,policy 0
613,2708316260.715483,0,0.0,0.0,3.7899947354855845,policy 0
614,3201284995.347635,0,0.0,0.0,3.5030739119545613,policy 0
615,1973151464.8620799,0,0.0,0.0,1.7840312644107177,policy 0
616,2515851957.234445,0,0.0,0.0,3.4702136578205183,policy 0
617,2384617034.257584,0,0.0,0.0,3.8343508333628775,policy 0
618,990058470.9327562,0,0.0,0.0,1.1201325805559146,policy 0
619,2516074449.7199707,0,0.0,0.0,1.8081741681647299,policy 0
620,592978663.1417332,0,0.0,0.0,0.7013747899213927,policy 0
621,3208462718.8900886,0,0.0,0.0,1.951564437751285,policy 0
622,686266967.0085027,0,0.0,0.0,1.4986512514430437,policy 0
623,2300253160.9879613,0,0.0,0.0,1.7856600821600201,policy 0
624,2614478355.177621,0,0.0,0.0,1.946740600512195,policy 0
625,2706372527.394639,0,0.0,0.0,1.9021854270861611,policy 0
626,2315800224.81476,0,0.0,0.0,1.8091955226417855,policy 0
627,961828445.7048703,0,0.0,0.0,0.8402943496862162,policy 0
628,1400387294.8701358,0,0.0,0.0,3.4427261624455627,policy 0
629,2644921288.565426,0,0.0,0.0,1.8402437074629165,policy 0
630,747143902.0635927,0,0.0,0.0,0.6257570354481256,policy 0
631,2532602741.1578293,0,0.0,0.0,3.255864427692246,policy 0
632,1142778516.1122482,0,0.0,0.0,1.2251994028958613,policy 0
633,2130758085.5904222,0,0.0,0.0,2.687681809124072,policy 0
634,500683172.26230717,0,0.0,0.0,0.5194685590354138,policy 0
635,2891237309.3491273,0,0.0,0.0,2.1403912195944903,policy 0
636,1709100416.285782,0,0.0,0.0,2.195925144861741,policy 0
637,2442838051.938337,0,0.0,0.0,3.608497326888215,policy 0
638,335722084.7880588,0,0.0,0.0,0.6249792342436309,policy 0
639,1649007011.6442425,0,0.0,0.0,3.0532324422131585,policy 0
640,1553603459.4043086,0,0.0,0.0,1.0508488770506372,policy 0
641,3143597530.894704,0,0.0,0.0,1.8205110565515148,policy 0
642,4241772367.2577806,0,0.0,0.0,4.974443999343959,policy 0
643,488442513.4536315,0,0.0,0.0,0.3835470252487447,policy 0
644,211766344.83404484,0,0.0,0.0,0.19731429607935608,policy 0
645,1780478023.5839162,0,0.0,0.0,3.3230106827536416,policy 0
646,2542411913.3567557,0,0.0,0.0,3.0295061743325653,policy 0
647,874130508.9118947,0,0.0,0.0,0.8660479471696646,policy 0
648,2892675555.5731373,0,0.0,0.0,1.7762682752698749,policy 0
649,3099591395.6173043,0,0.0,0.0,4.001494066514577,policy 0
650,453659627.54100317,0,0.0,0.0,0.7813583942288628,policy 0
651,98314989.70496657,0,0.0,0.0,0.20188089200922005,policy 0
652,2383343335.0377855,0,0.0,0.0,3.844196476324893,policy 0
653,1190679545.581606,0,0.0,0.0,1.6685852188981247,policy 0
654,399919844.8615506,0,0.0,0.0,0.5946809437893098,policy 0
655,2856366228.523919,0,0.0,0.0,2.524005105926311,policy 0
656,2819719585.0416307,0,0.0,0.0,1.8736189033808888,policy 0
657,1052057517.6811332,0,0.0,0.0,1.1153995728569688,policy 0
658,646570194.4569848,0,0.0,0.0,0.45176792534336685,policy 0
659,2822004958.566515,0,0.0,0.0,1.8279283727255171,policy 0
660,1018343974.2846432,0,0.0,0.0,0.7394846010149206,policy 0
661,233972530.60751763,0,0.0,0.0,0.2526450484990546,policy 0
662,439988912.1443894,0,0.0,0.0,0.4072297629059332,policy 0
663,2490773368.499981,0,0.0,0.0,1.8284365067671073,policy 0
664,2488974461.329673,0,0.0,0.0,1.8267781770418754,policy 0
665,106390412.37685296,0,0.0,0.0,0.15564563163052003,policy 0
666,2839458470.96195,0,0.0,0.0,3.674605313451711,policy 0
667,2922569036.094484,0,0.0,0.0,1.7961031345932916,policy 0
668,2064098391.0320768,0,0.0,0.0,1.9760220617737132,policy 0
669,584197952.1875554,0,0.0,0.0,0.9636874754904017,policy 0
670,509677950.0833058,0,0.0,0.0,0.5188148969095686,policy 0
671,2361676816.1246614,0,0.0,0.0,4.045863054486384,policy 0
672,4962603491.454328,0,0.0,0.0,4.972569761089232,policy 0
673,392553275.80270344,0,0.0,0.0,0.33040185555995716,policy 0
674,147813129.80054486,0,0.0,0.0,0.22543026245068465,policy 0
675,5761103820.341789,0,0.0,0.0,4.895618684796315,policy 0
676,468308573.91315174,0,0.0,0.0,0.6703487056372075,policy 0
677,1616250748.9822106,0,0.0,0.0,0.9686642643101078,policy 0
678,1541856802.787595,0,0.0,0.0,1.0988121681925096,policy 0
679,2786606571.436255,0,0.0,0.0,1.9282746891132228,policy 0
680,2627011338.97962,0,0.0,0.0,3.4190224051174583,policy 0
681,2158594373.333194,0,0.0,0.0,2.0680534088341855,policy 0
682,487503752.62723404,0,0.0,0.0,0.6378054348956209,policy 0
683,451024679.287783,0,0.0,0.0,0.387819888460101,policy 0
684,4901977428.86911,0,0.0,0.0,3.7262085130192655,policy 0
685,2317963228.501185,0,0.0,0.0,1.8030033338403084,policy 0
686,422175324.3955876,0,0.0,0.0,0.41354685342278996,policy 0
687,1925881731.5896666,0,0.0,0.0,1.2341412660251088,policy 0
688,2578207995.457672,0,0.0,0.0,2.233669948315227,policy 0
689,1052020820.1093554,0,0.0,0.0,0.8499729093976932,policy 0
690,2564898999.419423,0,0.0,0.0,3.912807840063536,policy 0
691,2401542597.0753345,0,0.0,0.0,1.9402565776279517,policy 0
692,2083053717.861301,0,0.0,0.0,3.5605006143007403,policy 0
693,2240514972.590015,0,0.0,0.0,2.3859699039952185,policy 0
694,510782438.4761786,0,0.0,0.0,0.3707488707075517,policy 0
695,194426060.23278663,0,0.0,0.0,0.16997200975913124,policy 0
696,679206900.4486837,0,0.0,0.0,0.9991196135692472,policy 0
697,2179591918.1865177,0,0.0,0.0,1.8773977112820206,policy 0
698,1359019546.3804562,0,0.0,0.0,1.1280320947237712,policy 0
699,2831891927.9386563,0,0.0,0.0,1.7976874405867767,policy 0
700,1861822973.129005,0,0.0,0.0,1.8067961180962127,policy 0
701,1016243698.340997,0,0.0,0.0,0.9174771659945912,policy 0
702,1491862429.8560047,0,0.0,0.0,1.059335801851174,policy 0
703,3719971288.2356977,0,0.0,0.0,3.323026864937744,policy 0
704,2665858299.285753,0,0.0,0.0,1.8602084663419463,policy 0
705,131594485.47130579,0,0.0,0.0,0.10474817922931966,policy 0
706,2659633856.627181,0,0.0,0.0,1.814579785803701,policy 0
707,2597307438.9305186,0,0.0,0.0,1.8015472813756426,policy 0
708,793994590.615382,0,0.0,0.0,0.8520074633166512,policy 0
709,953086517.003694,0,0.0,0.0,1.5350999348205638,policy 0
710,1733547110.9998708,0,0.0,0.0,3.0512681474809003,policy 0
711,1721650162.200777,0,0.0,0.0,1.6755759290190877,policy 0
712,2642505781.5800905,0,0.0,0.0,1.8415355439839327,policy 0
713,2276241735.111676,0,0.0,0.0,3.7705157587238047,policy 0
714,2372011886.022414,0,0.0,0.0,2.1227973243899707,policy 0
715,1228501403.3338969,0,0.0,0.0,1.3874349738275218,policy 0
716,114458874.69375765,0,0.0,0.0,0.19512103062861402,policy 0
717,579428741.3792614,0,0.0,0.0,0.5614427264847118,policy 0
718,2475734089.029248,0,0.0,0.0,1.814570323589308,policy 0
719,2722918621.5939884,0,0.0,0.0,3.685096427434299,policy 0
720,3394589737.412921,0,0.0,0.0,2.7217920722513496,policy 0
721,2770935594.756042,0,0.0,0.0,1.833042256044646,policy 0
722,3050482793.1460547,0,0.0,0.0,1.8934387817707092,policy 0
723,1140216112.04543,0,0.0,0.0,1.1105992021516176,policy 0
724,2366246089.267284,0,0.0,0.0,1.8540079214173664,policy 0
725,2779409611.698121,0,0.0,0.0,2.053717174578149,policy 0
726,1113451686.4195158,0,0.0,0.0,0.842229982809042,policy 0
727,1756844436.2714477,0,0.0,0.0,1.192633406675983,policy 0
728,2807902174.4312963,0,0.0,0.0,2.1239734621524264,policy 0
729,500515822.7002232,0,0.0,0.0,0.5103546764867881,policy 0
730,835134888.8875723,0,0.0,0.0,0.6677519854079843,policy 0
731,213320091.46650133,0,0.0,0.0,0.1728839067444304,policy 0
732,897321446.3018126,0,0.0,0.0,0.6938721532919307,policy 0
733,2529822608.040139,0,0.0,0.0,1.9518545251027406,policy 0
734,2820444186.569145,0,0.0,0.0,1.8266587288616964,policy 0
735,2446261912.2735624,0,0.0,0.0,3.4821879468487547,policy 0
736,3170340870.3797617,0,0.0,0.0,2.244635597339126,policy 0
737,1238379919.8378942,0,0.0,0.0,1.0053891494897678,policy 0
738,2993645971.222131,0,0.0,0.0,1.854237269260032,policy 0
739,3634052695.4368434,0,0.0,0.0,2.3104465248383548,policy 0
740,3901123441.3291283,0,0.0,0.0,4.547785531664609,policy 0
741,4198958378.666057,0,0.0,0.0,4.641350309867483,policy 0
742,1511252704.3971057,0,0.0,0.0,1.5799658673714108,policy 0
743,523003504.50559425,0,0.0,0.0,0.5760815143411803,policy 0
744,2174963492.361398,0,0.0,0.0,3.014350684711304,policy 0
745,1065354655.3668107,0,0.0,0.0,1.8297629852353567,policy 0
746,3161321133.1608753,0,0.0,0.0,2.363635198761431,policy 0
747,2976085780.32541,0,0.0,0.0,2.198021695208117,policy 0
748,2354141196.893685,0,0.0,0.0,3.432200837003734,policy 0
749,298761566.4900348,0,0.0,0.0,0.2841888064903222,policy 0
750,808456454.2841918,0,0.0,0.0,0.7119036485515244,policy 0
751,1371465129.9620974,0,0.0,0.0,1.4807571718448824,policy 0
752,2856493126.403356,0,0.0,0.0,1.8514625876483242,policy 0
753,2167290260.107672,0,0.0,0.0,1.845934120722913,policy 0
754,2205199896.493166,0,0.0,0.0,1.5442510481739364,policy 0
755,2009671533.6034877,0,0.0,0.0,1.7283447664100966,policy 0
756,2726747117.6090317,0,0.0,0.0,2.2846039530231033,policy 0
757,2500414986.743705,0,0.0,0.0,1.8373244422877555,policy 0
758,339235927.10627395,0,0.0,0.0,0.285892696526825,policy 0
759,3989912460.1163483,0,0.0,0.0,4.149038030122926,policy 0
760,90260014.18123172,0,0.0,0.0,0.10066094384200064,policy 0
761,207347093.55844933,0,0.0,0.0,0.09766757924024258,policy 0
762,1666828229.0712957,0,0.0,0.0,3.000875232857666,policy 0
763,926478687.2589712,0,0.0,0.0,0.7026817318927322,policy 0
764,3810333509.0903726,0,0.0,0.0,2.5790240293522904,policy 0
765,198898266.147461,0,0.0,0.0,0.22135426804049324,policy 0
766,283873372.300841,0,0.0,0.0,0.3972232823891545,policy 0
767,2348624408.1568966,0,0.0,0.0,1.833042256044646,policy 0
768,737268299.147082,0,0.0,0.0,0.6554418606032009,policy 0
769,1287730584.8865805,0,0.0,0.0,0.9346478135239038,policy 0
770,3276571681.992824,0,0.0,0.0,2.052012989039306,policy 0
771,2787747301.960585,0,0.0,0.0,4.097388933728428,policy 0
772,3181323795.842298,0,0.0,0.0,1.9438382493914788,policy 0
773,2905255813.477464,0,0.0,0.0,2.005452495416531,policy 0
774,831512407.406037,0,0.0,0.0,1.7939373553479203,policy 0
775,2349205140.2924385,0,0.0,0.0,1.8336111201007013,policy 0
776,68129988.89374647,0,0.0,0.0,0.09456183218934432,policy 0
777,1575878523.714729,0,0.0,0.0,2.7992399267853436,policy 0
778,374347037.762001,0,0.0,0.0,0.28407696776684865,policy 0
779,857627879.2241268,0,0.0,0.0,0.8172307874707437,policy 0
780,1524247246.2223709,0,0.0,0.0,1.3475566720372183,policy 0
781,2065156784.230153,0,0.0,0.0,3.464241317435609,policy 0
782,191377614.5096919,0,0.0,0.0,0.2634317277434503,policy 0
783,3389739945.927243,0,0.0,0.0,1.7945672930486138,policy 0
784,2592889118.410892,0,0.0,0.0,1.7976874405867767,policy 0
785,1822686742.7876158,0,0.0,0.0,1.1459094054410315,policy 0
786,2615490088.1754646,0,0.0,0.0,2.160819267065986,policy 0
787,616070172.1572192,0,0.0,0.0,0.6894349301025792,policy 0
788,561221646.567469,0,0.0,0.0,0.8003273463168025,policy 0
789,356691158.6167339,0,0.0,0.0,0.5732617676581376,policy 0
790,2894522976.7289076,0,0.0,0.0,1.8872441559118718,policy 0
791,2519451500.574816,0,0.0,0.0,1.861129151728771,policy 0
792,1909214736.9971237,0,0.0,0.0,3.352701608991234,policy 0
793,206205926.6875113,0,0.0,0.0,0.19650768580228545,policy 0
794,2312043905.126447,0,0.0,0.0,1.855458028492141,policy 0
795,215382641.45768204,0,0.0,0.0,0.26544109577417174,policy 0
796,3167595863.7521644,0,0.0,0.0,1.8379132598023138,policy 0
797,528728288.674849,0,0.0,0.0,1.0243799332801313,policy 0
798,138271858.69739008,0,0.0,0.0,0.14144613053835145,policy 0
799,1804426572.7618318,0,0.0,0.0,2.819615472078198,policy 0
800,135379290.34654188,0,0.0,0.0,0.2228996041469811,policy 0
801,92792586.50619526,0,0.0,0.0,0.11125081647931738,policy 0
802,336548534.16231,0,0.0,0.0,0.29500142864451995,policy 0
803,2047855796.0118396,0,0.0,0.0,3.5569160445302654,policy 0
804,277346779.80964124,0,0.0,0.0,0.31025848231552305,policy 0
805,2009517610.1071587,0,0.0,0.0,3.5403837319388893,policy 0
806,2986199651.3281655,0,0.0,0.0,1.849372921368527,policy 0
807,188932848.4759308,0,0.0,0.0,0.1453841490684625,policy 0
808,1470757981.199565,0,0.0,0.0,1.2504471920336633,policy 0
809,459268227.2449186,0,0.0,0.0,0.7081369952674028,policy 0
810,1148245670.4344735,0,0.0,0.0,0.849008864481015,policy 0
811,3821468319.5862546,0,0.0,0.0,1.884793488641639,policy 0
812,879632269.1727723,0,0.0,0.0,0.9095276270313355,policy 0
813,2518490172.3864946,0,0.0,0.0,3.091108172775802,policy 0
814,424627728.1243501,0,0.0,0.0,0.43422993715978964,policy 0
815,1833205784.3395495,0,0.0,0.0,3.048482162224488,policy 0
816,2500414986.743705,0,0.0,0.0,1.8373244422877555,policy 0
817,1453550484.9913535,0,0.0,0.0,1.5986664159152104,policy 0
818,4453691732.128489,0,0.0,0.0,2.709308023782264,policy 0
819,3030052926.528949,0,0.0,0.0,2.0328543304323277,policy 0
820,726682975.3533009,0,0.0,0.0,0.7039812861106675,policy 0
821,2686396958.678531,0,0.0,0.0,1.932243162532594,policy 0
822,463585425.741482,0,0.0,0.0,0.5408213841302945,policy 0
823,1396174904.1126146,0,0.0,0.0,1.2674740779434817,policy 0
824,36736498.49653422,0,0.0,0.0,0.04590912970244253,policy 0
825,2886710640.8706236,0,0.0,0.0,1.8869177076172527,policy 0
826,837556115.229063,0,0.0,0.0,0.7254763580874264,policy 0
827,127343442.0016951,0,0.0,0.0,0.1237700873457922,policy 0
828,1019848032.4016378,0,0.0,0.0,0.8539446302542333,policy 0
829,171283554.4034958,0,0.0,0.0,0.16466068562666755,policy 0
830,1944308129.4605672,0,0.0,0.0,3.396555403812917,policy 0
831,2471186184.3598022,0,0.0,0.0,2.1391930665926675,policy 0
832,791549901.4080354,0,0.0,0.0,0.5040304619936601,policy 0
833,3221161233.771878,0,0.0,0.0,1.8118129357419321,policy 0
834,253823480.06817064,0,0.0,0.0,0.3971474334153836,policy 0
835,2042848016.9226284,0,0.0,0.0,1.8607731962959355,policy 0
836,785306893.1470231,0,0.0,0.0,1.3520829417309037,policy 0
837,249017492.697104,0,0.0,0.0,0.30000317590735137,policy 0
838,618778004.6618694,0,0.0,0.0,0.3617807207618598,policy 0
839,2344638399.1989975,0,0.0,0.0,2.109313725532087,policy 0
840,1398040202.2962809,0,0.0,0.0,1.332920130736649,policy 0
841,2767266926.0692387,0,0.0,0.0,2.0397825277730317,policy 0
842,3259322975.4704094,0,0.0,0.0,2.200185055988133,policy 0
843,3771107250.588813,0,0.0,0.0,2.7350368086948142,policy 0
844,297371332.6234988,0,0.0,0.0,0.2448514115671678,policy 0
845,1745727126.440029,0,0.0,0.0,3.364441733461698,policy 0
846,575128631.2974007,0,0.0,0.0,0.8282358732011663,policy 0
847,199643387.1061821,0,0.0,0.0,0.23181875118033637,policy 0
848,1567355251.8277109,0,0.0,0.0,2.867353020737206,policy 0
849,2620534830.811272,0,0.0,0.0,1.8218435155302117,policy 0
850,1971514308.8355904,0,0.0,0.0,3.4074068868508904,policy 0
851,1641067075.7315662,0,0.0,0.0,1.3435757978664697,policy 0
852,813271479.8407881,0,0.0,0.0,1.2069672952137827,policy 0
853,2769720403.943695,0,0.0,0.0,1.8317010808361676,policy 0
854,294959893.0550506,0,0.0,0.0,0.2898996946322421,policy 0
855,3000290895.4083657,0,0.0,0.0,2.4635809535428477,policy 0
856,197728096.02654797,0,0.0,0.0,0.19265880063840587,policy 0
857,2311923746.235178,0,0.0,0.0,1.8842050594321802,policy 0
858,827838913.2871977,0,0.0,0.0,1.450534947963873,policy 0
859,577029889.2166349,0,0.0,0.0,0.37903553141174645,policy 0
860,1159639768.1434677,0,0.0,0.0,0.9164832984354502,policy 0
861,3255570332.064587,0,0.0,0.0,1.909804834850864,policy 0
862,2175687296.8531256,0,0.0,0.0,1.796251916734155,policy 0
863,2488397225.9871902,0,0.0,0.0,3.1442846914611065,policy 0
864,2789679803.038301,0,0.0,0.0,1.7967591683192639,policy 0
865,1959404971.8598256,0,0.0,0.0,2.999270298644606,policy 0
866,94794272.43831813,0,0.0,0.0,0.09921997215264573,policy 0
867,2151810328.189594,0,0.0,0.0,3.386585201301972,policy 0
868,2252291881.00256,0,0.0,0.0,1.9619555684098484,policy 0
869,2439048030.7520323,0,0.0,0.0,1.9258444002607793,policy 0
870,1777108959.0425155,0,0.0,0.0,2.8976276784172725,policy 0
871,3147788846.963092,0,0.0,0.0,1.8235618762141432,policy 0
872,602262378.4712646,0,0.0,0.0,0.48742070429378326,policy 0
873,896569765.4999413,0,0.0,0.0,1.0618812382775966,policy 0
874,1237512844.2512956,0,0.0,0.0,1.553699195795746,policy 0
875,851197678.8455101,0,0.0,0.0,1.5140516891752616,policy 0
876,1886032621.3178792,0,0.0,0.0,1.8705700888910155,policy 0
877,3907469348.3695464,0,0.0,0.0,1.9461861235009186,policy 0
878,2325164432.5053434,0,0.0,0.0,1.3375886807672688,policy 0
879,2465629262.874811,0,0.0,0.0,3.700166920221922,policy 0
880,547864829.7041798,0,0.0,0.0,0.8363672896603339,policy 0
881,2116437661.0023956,0,0.0,0.0,1.5686564663984819,policy 0
882,1062374783.0114697,0,0.0,0.0,0.8088261508130008,policy 0
883,34695864.16007356,0,0.0,0.0,0.04266211176335824,policy 0
884,3148531399.557268,0,0.0,0.0,1.9785266379014395,policy 0
885,2841163854.1996717,0,0.0,0.0,1.843513127305219,policy 0
886,2865775962.939554,0,0.0,0.0,3.729428161354139,policy 0
887,2548105554.8154316,0,0.0,0.0,1.8340771760651602,policy 0
888,3420711642.096667,0,0.0,0.0,3.9610980425156206,policy 0
889,1860592179.8741202,0,0.0,0.0,1.8110818887235884,policy 0
890,2186541999.2921953,0,0.0,0.0,1.5281517464335173,policy 0
891,115917339.32672024,0,0.0,0.0,0.12671806595889512,policy 0
892,2819120881.1120453,0,0.0,0.0,3.7245748600829955,policy 0
893,312298089.3553751,0,0.0,0.0,0.2031745582624366,policy 0
894,454328537.53000677,0,0.0,0.0,0.48968243290604957,policy 0
895,354115018.4284329,0,0.0,0.0,0.3174826901240507,policy 0
896,332388930.6285648,0,0.0,0.0,0.33924480372988614,policy 0
897,1058751167.6543647,0,0.0,0.0,1.8519345351986964,policy 0
898,1609493125.7084622,0,0.0,0.0,1.138503161996965,policy 0
899,289002122.425179,0,0.0,0.0,0.21613860856291195,policy 0
900,1912285578.3449104,0,0.0,0.0,3.3584461731356696,policy 0
901,109034189.27827291,0,0.0,0.0,0.14925031826971183,policy 0
902,2754825688.573232,0,0.0,0.0,3.657926948960932,policy 0
903,363550135.0146307,0,0.0,0.0,0.38138047638576134,policy 0
904,2803170883.641612,0,0.0,0.0,1.8808870497923735,policy 0
905,438548587.1468421,0,0.0,0.0,0.38310912845675427,policy 0
906,2335168609.350749,0,0.0,0.0,1.8189495435487377,policy 0
907,2698388545.0778766,0,0.0,0.0,1.8495073607524395,policy 0
908,2330487324.842499,0,0.0,0.0,1.8152733644063093,policy 0
909,1553509306.813232,0,0.0,0.0,1.386176134330404,policy 0
910,131707140.90502995,0,0.0,0.0,0.12607180299323523,policy 0
911,1482609522.442719,0,0.0,0.0,2.8025191283648274,policy 0
912,2219853331.818136,0,0.0,0.0,3.6345200889697935,policy 0
913,660212737.9023352,0,0.0,0.0,0.8703446478833077,policy 0
914,211003184.82802343,0,0.0,0.0,0.21109439937366334,policy 0
915,428446897.6660741,0,0.0,0.0,0.3054139720488128,policy 0
916,2472143628.2256575,0,0.0,0.0,3.4751997213398247,policy 0
917,338110761.8506121,0,0.0,0.0,0.5425776205567491,policy 0
918,3128989109.1210046,0,0.0,0.0,2.343702009926818,policy 0
919,2351150992.3258715,0,0.0,0.0,1.8355171335797142,policy 0
920,2499484492.365439,0,0.0,0.0,1.7998315185600267,policy 0
921,2470746635.199684,0,0.0,0.0,1.534226754230316,policy 0
922,1892376702.1808062,0,0.0,0.0,3.4310938717763055,policy 0
923,1335552713.9145064,0,0.0,0.0,2.118901745514398,policy 0
924,155790655.49221176,0,0.0,0.0,0.14489243131254387,policy 0
925,869870059.2662162,0,0.0,0.0,0.5730223077785149,policy 0
926,1298878969.5482292,0,0.0,0.0,1.355533586376603,policy 0
927,2079482653.3994055,0,0.0,0.0,2.102028894762591,policy 0
928,2353151422.7497616,0,0.0,0.0,1.8281094003407026,policy 0
929,4351793433.406418,0,0.0,0.0,4.836166820214609,policy 0
930,2944326420.7525053,0,0.0,0.0,3.132942459185136,policy 0
931,108410669.15053669,0,0.0,0.0,0.13726917714266154,policy 0
932,4011976402.954381,0,0.0,0.0,3.1104118808583285,policy 0
933,216367238.223078,0,0.0,0.0,0.24998329256012014,policy 0
934,3483978820.5468893,0,0.0,0.0,4.2565656650773125,policy 0
935,529487218.07372445,0,0.0,0.0,1.0751519721020195,policy 0
936,2313134176.284259,0,0.0,0.0,3.3221936366960674,policy 0
937,2495831892.0132947,0,0.0,0.0,1.5516271797281047,policy 0
938,276171902.35466665,0,0.0,0.0,0.31482683285120927,policy 0
939,2034175870.0501702,0,0.0,0.0,1.8572799088059753,policy 0
940,2921142612.498323,0,0.0,0.0,3.128849614462414,policy 0
941,1641323115.252555,0,0.0,0.0,2.904525209008065,policy 0
942,707109294.6427643,0,0.0,0.0,0.8398324201999856,policy 0
943,1745956815.268291,0,0.0,0.0,1.9015061819126076,policy 0
944,3827867985.5726547,0,0.0,0.0,2.661873473978619,policy 0
945,1117994816.31872,0,0.0,0.0,1.281237583424864,policy 0
946,2648442504.6609488,0,0.0,0.0,1.8049754229568347,policy 0
947,2549355135.835777,0,0.0,0.0,1.8923355888049054,policy 0
948,1666746805.0893395,0,0.0,0.0,2.9127733535660973,policy 0
949,293140792.2244999,0,0.0,0.0,0.43187433244497847,policy 0
950,2595649584.7302837,0,0.0,0.0,1.8000989773863356,policy 0
951,1983641388.0472224,0,0.0,0.0,1.1362561439743433,policy 0
952,1265089519.346038,0,0.0,0.0,1.0214226565534894,policy 0
953,1952835177.8333428,0,0.0,0.0,1.5896908204934732,policy 0
954,464170833.6521164,0,0.0,0.0,0.2713754139200914,policy 0
955,1768455231.871188,0,0.0,0.0,3.460038102342609,policy 0
956,3247955408.0027256,0,0.0,0.0,1.911106710960877,policy 0
957,215499022.9964133,0,0.0,0.0,0.1399659750095521,policy 0
958,2274967242.166148,0,0.0,0.0,3.446120252479741,policy 0
959,2542478251.162877,0,0.0,0.0,1.7586970685437797,policy 0
960,2436128335.8716893,0,0.0,0.0,3.4229608554335447,policy 0
961,421511457.2349627,0,0.0,0.0,0.23289374842072683,policy 0
962,4012126242.205537,0,0.0,0.0,2.6601535116830224,policy 0
963,1363831174.0145721,0,0.0,0.0,1.0060784645034486,policy 0
964,697187161.6833693,0,0.0,0.0,0.7146652128596085,policy 0
965,3225007651.8011084,0,0.0,0.0,2.032855656211355,policy 0
966,76905477.77933404,0,0.0,0.0,0.07588224917993099,policy 0
967,2243557147.127233,0,0.0,0.0,2.3963155512724486,policy 0
968,745522448.3817366,0,0.0,0.0,0.6368974917001938,policy 0
969,977953914.5618101,0,0.0,0.0,0.8547593179163737,policy 0
970,868136755.5775516,0,0.0,0.0,0.734489568203446,policy 0
971,2358878399.6492844,0,0.0,0.0,3.647018376105037,policy 0
972,921058274.2834147,0,0.0,0.0,1.5856952720166597,policy 0
973,200127390.2752055,0,0.0,0.0,0.2127962498179955,policy 0
974,3500355917.750224,0,0.0,0.0,2.3977950857718158,policy 0
975,2388082106.681506,0,0.0,0.0,3.1761789592983645,policy 0
976,879128361.3471149,0,0.0,0.0,0.856191494003775,policy 0
977,465869407.8007953,0,0.0,0.0,0.30838326154583406,policy 0
978,650587038.6876451,0,0.0,0.0,1.237503432086524,policy 0
979,241609692.16224605,0,0.0,0.0,0.31358552394703404,policy 0
980,1305334762.9042082,0,0.0,0.0,1.7759205093953963,policy 0
981,3085261078.351042,0,0.0,0.0,1.8125232280131214,policy 0
982,289358498.7975599,0,0.0,0.0,0.3528663395698582,policy 0
983,676098981.7352936,0,0.0,0.0,0.6925297611745622,policy 0
984,113469894.52201411,0,0.0,0.0,0.11338219369508662,policy 0
985,191184570.3719871,0,0.0,0.0,0.2061040173489014,policy 0
986,2487261539.0158005,0,0.0,0.0,1.834017605587527,policy 0
987,2775948983.824734,0,0.0,0.0,1.9897323669500833,policy 0
988,4811224579.082736,0,0.0,0.0,3.53735682148716,policy 0
989,1559187356.324751,0,0.0,0.0,1.5272096158306776,policy 0
990,306002547.32785785,0,0.0,0.0,0.19997245873619213,policy 0
991,3660440722.038333,0,0.0,0.0,1.9247936516648234,policy 0
992,3750012896.675769,0,0.0,0.0,1.8452189710451257,policy 0
993,246784402.3580773,0,0.0,0.0,0.3139430694653156,policy 0
994,2126758481.475002,0,0.0,0.0,1.8244643365291675,policy 0
995,295806392.13402724,0,0.0,0.0,0.29639190366730384,policy 0
996,47736116.98705222,0,0.0,0.0,0.07407504439792187,policy 0
997,160949173.6669174,0,0.0,0.0,0.21994421042996942,policy 0
998,1482243576.2292426,0,0.0,0.0,1.2888815631639492,policy 0
999,2101713546.4484053,0,0.0,0.0,1.7775297913468002,policy 0
