,A.0_ID flood wave shape,A.1_Bmax,A.1_Brate,A.1_pfail,A.2_Bmax,A.2_Brate,A.2_pfail,A.3_Bmax,A.3_Brate,A.3_pfail,A.4_Bmax,A.4_Brate,A.4_pfail,A.5_Bmax,A.5_Brate,A.5_pfail,discount rate 0,discount rate 1,discount rate 2,0_RfR 0,0_RfR 1,0_RfR 2,1_RfR 0,1_RfR 1,1_RfR 2,2_RfR 0,2_RfR 1,2_RfR 2,3_RfR 0,3_RfR 1,3_RfR 2,4_RfR 0,4_RfR 1,4_RfR 2,A.1_DikeIncrease 0,A.1_DikeIncrease 1,A.1_DikeIncrease 2,A.2_DikeIncrease 0,A.2_DikeIncrease 1,A.2_DikeIncrease 2,A.3_DikeIncrease 0,A.3_DikeIncrease 1,A.3_DikeIncrease 2,A.4_DikeIncrease 0,A.4_DikeIncrease 1,A.4_DikeIncrease 2,A.5_DikeIncrease 0,A.5_DikeIncrease 1,A.5_DikeIncrease 2,EWS_DaysToThreat,scenario,policy,model
0,92,274.00040501395586,1.5,0.6432958699755473,183.0089200838041,1.0,0.4480793302956707,177.89711649502678,1.5,0.6553989815334761,157.94830128012234,1.0,0.2777795513113079,105.0692766184116,1.5,0.7022851371029166,1.5,4.5,1.5,1,0,1,1,1,0,1,0,0,0,0,1,1,1,1,9,4,10,6,1,6,4,2,6,3,7,8,8,6,3,0,10,0,dikesnet
1,30,52.3562562454838,10.0,0.8565146653811103,262.76631467655943,1.0,0.3475111018728007,131.3058797664705,10.0,0.35996482705449057,276.1148399398711,1.5,0.6189881223637693,276.3321487566978,1.0,0.23964801695814103,1.5,2.5,3.5,1,0,1,1,1,0,1,0,0,0,0,1,1,1,1,9,4,10,6,1,6,4,2,6,3,7,8,8,6,3,0,11,0,dikesnet
2,54,185.26570640531597,10.0,0.10821087634543733,309.94215606598146,1.5,0.9958869327698645,195.8096965315005,10.0,0.798226814721036,110.73884439916995,10.0,0.4997345760474746,139.09075325925363,1.5,0.45418239166505675,3.5,2.5,1.5,1,0,1,1,1,0,1,0,0,0,0,1,1,1,1,9,4,10,6,1,6,4,2,6,3,7,8,8,6,3,0,12,0,dikesnet
3,112,202.80143621085773,10.0,0.41745299429703586,54.625859035046815,10.0,0.5154331420376052,99.60655893893833,1.5,0.5590922265931134,35.34422877932129,1.0,0.5365326043382328,309.21552793842903,1.5,0.5745977258149783,4.5,1.5,1.5,1,0,1,1,1,0,1,0,0,0,0,1,1,1,1,9,4,10,6,1,6,4,2,6,3,7,8,8,6,3,0,13,0,dikesnet
4,9,243.12406298763966,1.0,0.34995173056810597,233.8138258474296,10.0,0.8519526126366953,346.7223967099711,1.0,0.07313198150549985,250.75969318758007,1.0,0.7728326930786977,347.1850333880514,10.0,0.6447894882922346,2.5,3.5,4.5,1,0,1,1,1,0,1,0,0,0,0,1,1,1,1,9,4,10,6,1,6,4,2,6,3,7,8,8,6,3,0,14,0,dikesnet
5,42,74.63161507593591,1.5,0.5149865395471198,195.33636635276883,10.0,0.10526463767905496,235.37168834265873,1.0,0.8735655672383045,205.2647407097732,1.0,0.3382338621324737,186.63963372053135,10.0,0.021812355366111605,3.5,3.5,3.5,1,0,1,1,1,0,1,0,0,0,0,1,1,1,1,9,4,10,6,1,6,4,2,6,3,7,8,8,6,3,0,15,0,dikesnet
6,99,302.59913228211406,1.0,0.9235260123328162,111.3424266928658,1.0,0.03677613526893064,262.78188635431945,1.0,0.933431379963708,347.3698799070447,1.5,0.18664669275809234,51.9710901848417,1.5,0.9527553474189042,2.5,2.5,3.5,1,0,1,1,1,0,1,0,0,0,0,1,1,1,1,9,4,10,6,1,6,4,2,6,3,7,8,8,6,3,0,16,0,dikesnet
7,15,106.85614436461007,1.5,0.7261795858295452,141.8264383004304,10.0,0.7842455867482754,87.44334510059718,1.5,0.20394275214106017,298.2882547773944,10.0,0.9907582031754265,216.71159643351385,10.0,0.8440680318121723,4.5,4.5,2.5,1,0,1,1,1,0,1,0,0,0,0,1,1,1,1,9,4,10,6,1,6,4,2,6,3,7,8,8,6,3,0,17,0,dikesnet
8,73,148.5990597270477,1.0,0.22971486019157614,90.19319703368923,1.5,0.6307544930398573,310.04826698144126,1.5,0.4433053519414454,64.94722826411017,10.0,0.09346763143693447,238.7877882332433,1.0,0.3417509515835011,1.5,4.5,4.5,1,0,1,1,1,0,1,0,0,0,0,1,1,1,1,9,4,10,6,1,6,4,2,6,3,7,8,8,6,3,0,18,0,dikesnet
9,132,344.85918523783675,1.0,0.04240588548478036,325.49567658787544,1.5,0.2204640296252345,45.70264570718437,10.0,0.13167182363720215,184.02022866467,1.5,0.8691823270385117,71.52040507262075,1.0,0.18817491292035265,3.5,1.5,2.5,1,0,1,1,1,0,1,0,0,0,0,1,1,1,1,9,4,10,6,1,6,4,2,6,3,7,8,8,6,3,0,19,0,dikesnet
10,92,274.00040501395586,1.5,0.6432958699755473,183.0089200838041,1.0,0.4480793302956707,177.89711649502678,1.5,0.6553989815334761,157.94830128012234,1.0,0.2777795513113079,105.0692766184116,1.5,0.7022851371029166,1.5,4.5,1.5,0,1,1,1,1,1,0,1,1,0,0,1,0,0,1,10,7,0,3,6,5,7,0,7,6,6,10,9,1,0,4,10,1,dikesnet
11,30,52.3562562454838,10.0,0.8565146653811103,262.76631467655943,1.0,0.3475111018728007,131.3058797664705,10.0,0.35996482705449057,276.1148399398711,1.5,0.6189881223637693,276.3321487566978,1.0,0.23964801695814103,1.5,2.5,3.5,0,1,1,1,1,1,0,1,1,0,0,1,0,0,1,10,7,0,3,6,5,7,0,7,6,6,10,9,1,0,4,11,1,dikesnet
12,54,185.26570640531597,10.0,0.10821087634543733,309.94215606598146,1.5,0.9958869327698645,195.8096965315005,10.0,0.798226814721036,110.73884439916995,10.0,0.4997345760474746,139.09075325925363,1.5,0.45418239166505675,3.5,2.5,1.5,0,1,1,1,1,1,0,1,1,0,0,1,0,0,1,10,7,0,3,6,5,7,0,7,6,6,10,9,1,0,4,12,1,dikesnet
13,112,202.80143621085773,10.0,0.41745299429703586,54.625859035046815,10.0,0.5154331420376052,99.60655893893833,1.5,0.5590922265931134,35.34422877932129,1.0,0.5365326043382328,309.21552793842903,1.5,0.5745977258149783,4.5,1.5,1.5,0,1,1,1,1,1,0,1,1,0,0,1,0,0,1,10,7,0,3,6,5,7,0,7,6,6,10,9,1,0,4,13,1,dikesnet
14,9,243.12406298763966,1.0,0.34995173056810597,233.8138258474296,10.0,0.8519526126366953,346.7223967099711,1.0,0.07313198150549985,250.75969318758007,1.0,0.7728326930786977,347.1850333880514,10.0,0.6447894882922346,2.5,3.5,4.5,0,1,1,1,1,1,0,1,1,0,0,1,0,0,1,10,7,0,3,6,5,7,0,7,6,6,10,9,1,0,4,14,1,dikesnet
15,42,74.63161507593591,1.5,0.5149865395471198,195.33636635276883,10.0,0.10526463767905496,235.37168834265873,1.0,0.8735655672383045,205.2647407097732,1.0,0.3382338621324737,186.63963372053135,10.0,0.021812355366111605,3.5,3.5,3.5,0,1,1,1,1,1,0,1,1,0,0,1,0,0,1,10,7,0,3,6,5,7,0,7,6,6,10,9,1,0,4,15,1,dikesnet
16,99,302.59913228211406,1.0,0.9235260123328162,111.3424266928658,1.0,0.03677613526893064,262.78188635431945,1.0,0.933431379963708,347.3698799070447,1.5,0.18664669275809234,51.9710901848417,1.5,0.9527553474189042,2.5,2.5,3.5,0,1,1,1,1,1,0,1,1,0,0,1,0,0,1,10,7,0,3,6,5,7,0,7,6,6,10,9,1,0,4,16,1,dikesnet
17,15,106.85614436461007,1.5,0.7261795858295452,141.8264383004304,10.0,0.7842455867482754,87.44334510059718,1.5,0.20394275214106017,298.2882547773944,10.0,0.9907582031754265,216.71159643351385,10.0,0.8440680318121723,4.5,4.5,2.5,0,1,1,1,1,1,0,1,1,0,0,1,0,0,1,10,7,0,3,6,5,7,0,7,6,6,10,9,1,0,4,17,1,dikesnet
18,73,148.5990597270477,1.0,0.22971486019157614,90.19319703368923,1.5,0.6307544930398573,310.04826698144126,1.5,0.4433053519414454,64.94722826411017,10.0,0.09346763143693447,238.7877882332433,1.0,0.3417509515835011,1.5,4.5,4.5,0,1,1,1,1,1,0,1,1,0,0,1,0,0,1,10,7,0,3,6,5,7,0,7,6,6,10,9,1,0,4,18,1,dikesnet
19,132,344.85918523783675,1.0,0.04240588548478036,325.49567658787544,1.5,0.2204640296252345,45.70264570718437,10.0,0.13167182363720215,184.02022866467,1.5,0.8691823270385117,71.52040507262075,1.0,0.18817491292035265,3.5,1.5,2.5,0,1,1,1,1,1,0,1,1,0,0,1,0,0,1,10,7,0,3,6,5,7,0,7,6,6,10,9,1,0,4,19,1,dikesnet
20,92,274.00040501395586,1.5,0.6432958699755473,183.0089200838041,1.0,0.4480793302956707,177.89711649502678,1.5,0.6553989815334761,157.94830128012234,1.0,0.2777795513113079,105.0692766184116,1.5,0.7022851371029166,1.5,4.5,1.5,0,0,0,0,0,0,1,1,1,1,1,1,1,0,0,5,10,6,10,10,1,1,8,4,8,3,1,7,0,1,2,10,2,dikesnet
21,30,52.3562562454838,10.0,0.8565146653811103,262.76631467655943,1.0,0.3475111018728007,131.3058797664705,10.0,0.35996482705449057,276.1148399398711,1.5,0.6189881223637693,276.3321487566978,1.0,0.23964801695814103,1.5,2.5,3.5,0,0,0,0,0,0,1,1,1,1,1,1,1,0,0,5,10,6,10,10,1,1,8,4,8,3,1,7,0,1,2,11,2,dikesnet
22,54,185.26570640531597,10.0,0.10821087634543733,309.94215606598146,1.5,0.9958869327698645,195.8096965315005,10.0,0.798226814721036,110.73884439916995,10.0,0.4997345760474746,139.09075325925363,1.5,0.45418239166505675,3.5,2.5,1.5,0,0,0,0,0,0,1,1,1,1,1,1,1,0,0,5,10,6,10,10,1,1,8,4,8,3,1,7,0,1,2,12,2,dikesnet
23,112,202.80143621085773,10.0,0.41745299429703586,54.625859035046815,10.0,0.5154331420376052,99.60655893893833,1.5,0.5590922265931134,35.34422877932129,1.0,0.5365326043382328,309.21552793842903,1.5,0.5745977258149783,4.5,1.5,1.5,0,0,0,0,0,0,1,1,1,1,1,1,1,0,0,5,10,6,10,10,1,1,8,4,8,3,1,7,0,1,2,13,2,dikesnet
24,9,243.12406298763966,1.0,0.34995173056810597,233.8138258474296,10.0,0.8519526126366953,346.7223967099711,1.0,0.07313198150549985,250.75969318758007,1.0,0.7728326930786977,347.1850333880514,10.0,0.6447894882922346,2.5,3.5,4.5,0,0,0,0,0,0,1,1,1,1,1,1,1,0,0,5,10,6,10,10,1,1,8,4,8,3,1,7,0,1,2,14,2,dikesnet
25,42,74.63161507593591,1.5,0.5149865395471198,195.33636635276883,10.0,0.10526463767905496,235.37168834265873,1.0,0.8735655672383045,205.2647407097732,1.0,0.3382338621324737,186.63963372053135,10.0,0.021812355366111605,3.5,3.5,3.5,0,0,0,0,0,0,1,1,1,1,1,1,1,0,0,5,10,6,10,10,1,1,8,4,8,3,1,7,0,1,2,15,2,dikesnet
26,99,302.59913228211406,1.0,0.9235260123328162,111.3424266928658,1.0,0.03677613526893064,262.78188635431945,1.0,0.933431379963708,347.3698799070447,1.5,0.18664669275809234,51.9710901848417,1.5,0.9527553474189042,2.5,2.5,3.5,0,0,0,0,0,0,1,1,1,1,1,1,1,0,0,5,10,6,10,10,1,1,8,4,8,3,1,7,0,1,2,16,2,dikesnet
27,15,106.85614436461007,1.5,0.7261795858295452,141.8264383004304,10.0,0.7842455867482754,87.44334510059718,1.5,0.20394275214106017,298.2882547773944,10.0,0.9907582031754265,216.71159643351385,10.0,0.8440680318121723,4.5,4.5,2.5,0,0,0,0,0,0,1,1,1,1,1,1,1,0,0,5,10,6,10,10,1,1,8,4,8,3,1,7,0,1,2,17,2,dikesnet
28,73,148.5990597270477,1.0,0.22971486019157614,90.19319703368923,1.5,0.6307544930398573,310.04826698144126,1.5,0.4433053519414454,64.94722826411017,10.0,0.09346763143693447,238.7877882332433,1.0,0.3417509515835011,1.5,4.5,4.5,0,0,0,0,0,0,1,1,1,1,1,1,1,0,0,5,10,6,10,10,1,1,8,4,8,3,1,7,0,1,2,18,2,dikesnet
29,132,344.85918523783675,1.0,0.04240588548478036,325.49567658787544,1.5,0.2204640296252345,45.70264570718437,10.0,0.13167182363720215,184.02022866467,1.5,0.8691823270385117,71.52040507262075,1.0,0.18817491292035265,3.5,1.5,2.5,0,0,0,0,0,0,1,1,1,1,1,1,1,0,0,5,10,6,10,10,1,1,8,4,8,3,1,7,0,1,2,19,2,dikesnet
30,92,274.00040501395586,1.5,0.6432958699755473,183.0089200838041,1.0,0.4480793302956707,177.89711649502678,1.5,0.6553989815334761,157.94830128012234,1.0,0.2777795513113079,105.0692766184116,1.5,0.7022851371029166,1.5,4.5,1.5,0,1,1,1,0,1,0,0,1,1,1,1,0,1,0,1,6,5,2,4,4,10,1,4,2,2,4,2,8,6,1,10,3,dikesnet
31,30,52.3562562454838,10.0,0.8565146653811103,262.76631467655943,1.0,0.3475111018728007,131.3058797664705,10.0,0.35996482705449057,276.1148399398711,1.5,0.6189881223637693,276.3321487566978,1.0,0.23964801695814103,1.5,2.5,3.5,0,1,1,1,0,1,0,0,1,1,1,1,0,1,0,1,6,5,2,4,4,10,1,4,2,2,4,2,8,6,1,11,3,dikesnet
32,54,185.26570640531597,10.0,0.10821087634543733,309.94215606598146,1.5,0.9958869327698645,195.8096965315005,10.0,0.798226814721036,110.73884439916995,10.0,0.4997345760474746,139.09075325925363,1.5,0.45418239166505675,3.5,2.5,1.5,0,1,1,1,0,1,0,0,1,1,1,1,0,1,0,1,6,5,2,4,4,10,1,4,2,2,4,2,8,6,1,12,3,dikesnet
33,112,202.80143621085773,10.0,0.41745299429703586,54.625859035046815,10.0,0.5154331420376052,99.60655893893833,1.5,0.5590922265931134,35.34422877932129,1.0,0.5365326043382328,309.21552793842903,1.5,0.5745977258149783,4.5,1.5,1.5,0,1,1,1,0,1,0,0,1,1,1,1,0,1,0,1,6,5,2,4,4,10,1,4,2,2,4,2,8,6,1,13,3,dikesnet
34,9,243.12406298763966,1.0,0.34995173056810597,233.8138258474296,10.0,0.8519526126366953,346.7223967099711,1.0,0.07313198150549985,250.75969318758007,1.0,0.7728326930786977,347.1850333880514,10.0,0.6447894882922346,2.5,3.5,4.5,0,1,1,1,0,1,0,0,1,1,1,1,0,1,0,1,6,5,2,4,4,10,1,4,2,2,4,2,8,6,1,14,3,dikesnet
35,42,74.63161507593591,1.5,0.5149865395471198,195.33636635276883,10.0,0.10526463767905496,235.37168834265873,1.0,0.8735655672383045,205.2647407097732,1.0,0.3382338621324737,186.63963372053135,10.0,0.021812355366111605,3.5,3.5,3.5,0,1,1,1,0,1,0,0,1,1,1,1,0,1,0,1,6,5,2,4,4,10,1,4,2,2,4,2,8,6,1,15,3,dikesnet
36,99,302.59913228211406,1.0,0.9235260123328162,111.3424266928658,1.0,0.03677613526893064,262.78188635431945,1.0,0.933431379963708,347.3698799070447,1.5,0.18664669275809234,51.9710901848417,1.5,0.9527553474189042,2.5,2.5,3.5,0,1,1,1,0,1,0,0,1,1,1,1,0,1,0,1,6,5,2,4,4,10,1,4,2,2,4,2,8,6,1,16,3,dikesnet
37,15,106.85614436461007,1.5,0.7261795858295452,141.8264383004304,10.0,0.7842455867482754,87.44334510059718,1.5,0.20394275214106017,298.2882547773944,10.0,0.9907582031754265,216.71159643351385,10.0,0.8440680318121723,4.5,4.5,2.5,0,1,1,1,0,1,0,0,1,1,1,1,0,1,0,1,6,5,2,4,4,10,1,4,2,2,4,2,8,6,1,17,3,dikesnet
38,73,148.5990597270477,1.0,0.22971486019157614,90.19319703368923,1.5,0.6307544930398573,310.04826698144126,1.5,0.4433053519414454,64.94722826411017,10.0,0.09346763143693447,238.7877882332433,1.0,0.3417509515835011,1.5,4.5,4.5,0,1,1,1,0,1,0,0,1,1,1,1,0,1,0,1,6,5,2,4,4,10,1,4,2,2,4,2,8,6,1,18,3,dikesnet
39,132,344.85918523783675,1.0,0.04240588548478036,325.49567658787544,1.5,0.2204640296252345,45.70264570718437,10.0,0.13167182363720215,184.02022866467,1.5,0.8691823270385117,71.52040507262075,1.0,0.18817491292035265,3.5,1.5,2.5,0,1,1,1,0,1,0,0,1,1,1,1,0,1,0,1,6,5,2,4,4,10,1,4,2,2,4,2,8,6,1,19,3,dikesnet
40,92,274.00040501395586,1.5,0.6432958699755473,183.0089200838041,1.0,0.4480793302956707,177.89711649502678,1.5,0.6553989815334761,157.94830128012234,1.0,0.2777795513113079,105.0692766184116,1.5,0.7022851371029166,1.5,4.5,1.5,1,1,0,1,1,1,0,1,0,0,1,0,0,1,1,0,9,5,7,4,8,2,9,10,8,4,5,4,4,4,0,10,4,dikesnet
41,30,52.3562562454838,10.0,0.8565146653811103,262.76631467655943,1.0,0.3475111018728007,131.3058797664705,10.0,0.35996482705449057,276.1148399398711,1.5,0.6189881223637693,276.3321487566978,1.0,0.23964801695814103,1.5,2.5,3.5,1,1,0,1,1,1,0,1,0,0,1,0,0,1,1,0,9,5,7,4,8,2,9,10,8,4,5,4,4,4,0,11,4,dikesnet
42,54,185.26570640531597,10.0,0.10821087634543733,309.94215606598146,1.5,0.9958869327698645,195.8096965315005,10.0,0.798226814721036,110.73884439916995,10.0,0.4997345760474746,139.09075325925363,1.5,0.45418239166505675,3.5,2.5,1.5,1,1,0,1,1,1,0,1,0,0,1,0,0,1,1,0,9,5,7,4,8,2,9,10,8,4,5,4,4,4,0,12,4,dikesnet
43,112,202.80143621085773,10.0,0.41745299429703586,54.625859035046815,10.0,0.5154331420376052,99.60655893893833,1.5,0.5590922265931134,35.34422877932129,1.0,0.5365326043382328,309.21552793842903,1.5,0.5745977258149783,4.5,1.5,1.5,1,1,0,1,1,1,0,1,0,0,1,0,0,1,1,0,9,5,7,4,8,2,9,10,8,4,5,4,4,4,0,13,4,dikesnet
44,9,243.12406298763966,1.0,0.34995173056810597,233.8138258474296,10.0,0.8519526126366953,346.7223967099711,1.0,0.07313198150549985,250.75969318758007,1.0,0.7728326930786977,347.1850333880514,10.0,0.6447894882922346,2.5,3.5,4.5,1,1,0,1,1,1,0,1,0,0,1,0,0,1,1,0,9,5,7,4,8,2,9,10,8,4,5,4,4,4,0,14,4,dikesnet
45,42,74.63161507593591,1.5,0.5149865395471198,195.33636635276883,10.0,0.10526463767905496,235.37168834265873,1.0,0.8735655672383045,205.2647407097732,1.0,0.3382338621324737,186.63963372053135,10.0,0.021812355366111605,3.5,3.5,3.5,1,1,0,1,1,1,0,1,0,0,1,0,0,1,1,0,9,5,7,4,8,2,9,10,8,4,5,4,4,4,0,15,4,dikesnet
46,99,302.59913228211406,1.0,0.9235260123328162,111.3424266928658,1.0,0.03677613526893064,262.78188635431945,1.0,0.933431379963708,347.3698799070447,1.5,0.18664669275809234,51.9710901848417,1.5,0.9527553474189042,2.5,2.5,3.5,1,1,0,1,1,1,0,1,0,0,1,0,0,1,1,0,9,5,7,4,8,2,9,10,8,4,5,4,4,4,0,16,4,dikesnet
47,15,106.85614436461007,1.5,0.7261795858295452,141.8264383004304,10.0,0.7842455867482754,87.44334510059718,1.5,0.20394275214106017,298.2882547773944,10.0,0.9907582031754265,216.71159643351385,10.0,0.8440680318121723,4.5,4.5,2.5,1,1,0,1,1,1,0,1,0,0,1,0,0,1,1,0,9,5,7,4,8,2,9,10,8,4,5,4,4,4,0,17,4,dikesnet
48,73,148.5990597270477,1.0,0.22971486019157614,90.19319703368923,1.5,0.6307544930398573,310.04826698144126,1.5,0.4433053519414454,64.94722826411017,10.0,0.09346763143693447,238.7877882332433,1.0,0.3417509515835011,1.5,4.5,4.5,1,1,0,1,1,1,0,1,0,0,1,0,0,1,1,0,9,5,7,4,8,2,9,10,8,4,5,4,4,4,0,18,4,dikesnet
49,132,344.85918523783675,1.0,0.04240588548478036,325.49567658787544,1.5,0.2204640296252345,45.70264570718437,10.0,0.13167182363720215,184.02022866467,1.5,0.8691823270385117,71.52040507262075,1.0,0.18817491292035265,3.5,1.5,2.5,1,1,0,1,1,1,0,1,0,0,1,0,0,1,1,0,9,5,7,4,8,2,9,10,8,4,5,4,4,4,0,19,4,dikesnet
50,92,274.00040501395586,1.5,0.6432958699755473,183.0089200838041,1.0,0.4480793302956707,177.89711649502678,1.5,0.6553989815334761,157.94830128012234,1.0,0.2777795513113079,105.0692766184116,1.5,0.7022851371029166,1.5,4.5,1.5,0,0,0,0,0,0,1,1,1,1,1,0,0,1,1,6,1,7,9,0,9,0,3,7,4,8,0,3,9,8,3,10,5,dikesnet
51,30,52.3562562454838,10.0,0.8565146653811103,262.76631467655943,1.0,0.3475111018728007,131.3058797664705,10.0,0.35996482705449057,276.1148399398711,1.5,0.6189881223637693,276.3321487566978,1.0,0.23964801695814103,1.5,2.5,3.5,0,0,0,0,0,0,1,1,1,1,1,0,0,1,1,6,1,7,9,0,9,0,3,7,4,8,0,3,9,8,3,11,5,dikesnet
52,54,185.26570640531597,10.0,0.10821087634543733,309.94215606598146,1.5,0.9958869327698645,195.8096965315005,10.0,0.798226814721036,110.73884439916995,10.0,0.4997345760474746,139.09075325925363,1.5,0.45418239166505675,3.5,2.5,1.5,0,0,0,0,0,0,1,1,1,1,1,0,0,1,1,6,1,7,9,0,9,0,3,7,4,8,0,3,9,8,3,12,5,dikesnet
53,112,202.80143621085773,10.0,0.41745299429703586,54.625859035046815,10.0,0.5154331420376052,99.60655893893833,1.5,0.5590922265931134,35.34422877932129,1.0,0.5365326043382328,309.21552793842903,1.5,0.5745977258149783,4.5,1.5,1.5,0,0,0,0,0,0,1,1,1,1,1,0,0,1,1,6,1,7,9,0,9,0,3,7,4,8,0,3,9,8,3,13,5,dikesnet
54,9,243.12406298763966,1.0,0.34995173056810597,233.8138258474296,10.0,0.8519526126366953,346.7223967099711,1.0,0.07313198150549985,250.75969318758007,1.0,0.7728326930786977,347.1850333880514,10.0,0.6447894882922346,2.5,3.5,4.5,0,0,0,0,0,0,1,1,1,1,1,0,0,1,1,6,1,7,9,0,9,0,3,7,4,8,0,3,9,8,3,14,5,dikesnet
55,42,74.63161507593591,1.5,0.5149865395471198,195.33636635276883,10.0,0.10526463767905496,235.37168834265873,1.0,0.8735655672383045,205.2647407097732,1.0,0.3382338621324737,186.63963372053135,10.0,0.021812355366111605,3.5,3.5,3.5,0,0,0,0,0,0,1,1,1,1,1,0,0,1,1,6,1,7,9,0,9,0,3,7,4,8,0,3,9,8,3,15,5,dikesnet
56,99,302.59913228211406,1.0,0.9235260123328162,111.3424266928658,1.0,0.03677613526893064,262.78188635431945,1.0,0.933431379963708,347.3698799070447,1.5,0.18664669275809234,51.9710901848417,1.5,0.9527553474189042,2.5,2.5,3.5,0,0,0,0,0,0,1,1,1,1,1,0,0,1,1,6,1,7,9,0,9,0,3,7,4,8,0,3,9,8,3,16,5,dikesnet
57,15,106.85614436461007,1.5,0.7261795858295452,141.8264383004304,10.0,0.7842455867482754,87.44334510059718,1.5,0.20394275214106017,298.2882547773944,10.0,0.9907582031754265,216.71159643351385,10.0,0.8440680318121723,4.5,4.5,2.5,0,0,0,0,0,0,1,1,1,1,1,0,0,1,1,6,1,7,9,0,9,0,3,7,4,8,0,3,9,8,3,17,5,dikesnet
58,73,148.5990597270477,1.0,0.22971486019157614,90.19319703368923,1.5,0.6307544930398573,310.04826698144126,1.5,0.4433053519414454,64.94722826411017,10.0,0.09346763143693447,238.7877882332433,1.0,0.3417509515835011,1.5,4.5,4.5,0,0,0,0,0,0,1,1,1,1,1,0,0,1,1,6,1,7,9,0,9,0,3,7,4,8,0,3,9,8,3,18,5,dikesnet
59,132,344.85918523783675,1.0,0.04240588548478036,325.49567658787544,1.5,0.2204640296252345,45.70264570718437,10.0,0.13167182363720215,184.02022866467,1.5,0.8691823270385117,71.52040507262075,1.0,0.18817491292035265,3.5,1.5,2.5,0,0,0,0,0,0,1,1,1,1,1,0,0,1,1,6,1,7,9,0,9,0,3,7,4,8,0,3,9,8,3,19,5,dikesnet
60,92,274.00040501395586,1.5,0.6432958699755473,183.0089200838041,1.0,0.4480793302956707,177.89711649502678,1.5,0.6553989815334761,157.94830128012234,1.0,0.2777795513113079,105.0692766184116,1.5,0.7022851371029166,1.5,4.5,1.5,1,0,1,0,1,0,0,0,0,0,1,0,1,0,0,3,4,9,0,8,2,8,4,0,1,1,2,8,10,7,1,10,6,dikesnet
61,30,52.3562562454838,10.0,0.8565146653811103,262.76631467655943,1.0,0.3475111018728007,131.3058797664705,10.0,0.35996482705449057,276.1148399398711,1.5,0.6189881223637693,276.3321487566978,1.0,0.23964801695814103,1.5,2.5,3.5,1,0,1,0,1,0,0,0,0,0,1,0,1,0,0,3,4,9,0,8,2,8,4,0,1,1,2,8,10,7,1,11,6,dikesnet
62,54,185.26570640531597,10.0,0.10821087634543733,309.94215606598146,1.5,0.9958869327698645,195.8096965315005,10.0,0.798226814721036,110.73884439916995,10.0,0.4997345760474746,139.09075325925363,1.5,0.45418239166505675,3.5,2.5,1.5,1,0,1,0,1,0,0,0,0,0,1,0,1,0,0,3,4,9,0,8,2,8,4,0,1,1,2,8,10,7,1,12,6,dikesnet
63,112,202.80143621085773,10.0,0.41745299429703586,54.625859035046815,10.0,0.5154331420376052,99.60655893893833,1.5,0.5590922265931134,35.34422877932129,1.0,0.5365326043382328,309.21552793842903,1.5,0.5745977258149783,4.5,1.5,1.5,1,0,1,0,1,0,0,0,0,0,1,0,1,0,0,3,4,9,0,8,2,8,4,0,1,1,2,8,10,7,1,13,6,dikesnet
64,9,243.12406298763966,1.0,0.34995173056810597,233.8138258474296,10.0,0.8519526126366953,346.7223967099711,1.0,0.07313198150549985,250.75969318758007,1.0,0.7728326930786977,347.1850333880514,10.0,0.6447894882922346,2.5,3.5,4.5,1,0,1,0,1,0,0,0,0,0,1,0,1,0,0,3,4,9,0,8,2,8,4,0,1,1,2,8,10,7,1,14,6,dikesnet
65,42,74.63161507593591,1.5,0.5149865395471198,195.33636635276883,10.0,0.10526463767905496,235.37168834265873,1.0,0.8735655672383045,205.2647407097732,1.0,0.3382338621324737,186.63963372053135,10.0,0.021812355366111605,3.5,3.5,3.5,1,0,1,0,1,0,0,0,0,0,1,0,1,0,0,3,4,9,0,8,2,8,4,0,1,1,2,8,10,7,1,15,6,dikesnet
66,99,302.59913228211406,1.0,0.9235260123328162,111.3424266928658,1.0,0.03677613526893064,262.78188635431945,1.0,0.933431379963708,347.3698799070447,1.5,0.18664669275809234,51.9710901848417,1.5,0.9527553474189042,2.5,2.5,3.5,1,0,1,0,1,0,0,0,0,0,1,0,1,0,0,3,4,9,0,8,2,8,4,0,1,1,2,8,10,7,1,16,6,dikesnet
67,15,106.85614436461007,1.5,0.7261795858295452,141.8264383004304,10.0,0.7842455867482754,87.44334510059718,1.5,0.20394275214106017,298.2882547773944,10.0,0.9907582031754265,216.71159643351385,10.0,0.8440680318121723,4.5,4.5,2.5,1,0,1,0,1,0,0,0,0,0,1,0,1,0,0,3,4,9,0,8,2,8,4,0,1,1,2,8,10,7,1,17,6,dikesnet
68,73,148.5990597270477,1.0,0.22971486019157614,90.19319703368923,1.5,0.6307544930398573,310.04826698144126,1.5,0.4433053519414454,64.94722826411017,10.0,0.09346763143693447,238.7877882332433,1.0,0.3417509515835011,1.5,4.5,4.5,1,0,1,0,1,0,0,0,0,0,1,0,1,0,0,3,4,9,0,8,2,8,4,0,1,1,2,8,10,7,1,18,6,dikesnet
69,132,344.85918523783675,1.0,0.04240588548478036,325.49567658787544,1.5,0.2204640296252345,45.70264570718437,10.0,0.13167182363720215,184.02022866467,1.5,0.8691823270385117,71.52040507262075,1.0,0.18817491292035265,3.5,1.5,2.5,1,0,1,0,1,0,0,0,0,0,1,0,1,0,0,3,4,9,0,8,2,8,4,0,1,1,2,8,10,7,1,19,6,dikesnet
70,92,274.00040501395586,1.5,0.6432958699755473,183.0089200838041,1.0,0.4480793302956707,177.89711649502678,1.5,0.6553989815334761,157.94830128012234,1.0,0.2777795513113079,105.0692766184116,1.5,0.7022851371029166,1.5,4.5,1.5,0,0,0,1,1,1,1,1,0,1,0,0,0,0,0,7,7,3,8,2,10,3,10,3,10,10,9,0,4,8,4,10,7,dikesnet
71,30,52.3562562454838,10.0,0.8565146653811103,262.76631467655943,1.0,0.3475111018728007,131.3058797664705,10.0,0.35996482705449057,276.1148399398711,1.5,0.6189881223637693,276.3321487566978,1.0,0.23964801695814103,1.5,2.5,3.5,0,0,0,1,1,1,1,1,0,1,0,0,0,0,0,7,7,3,8,2,10,3,10,3,10,10,9,0,4,8,4,11,7,dikesnet
72,54,185.26570640531597,10.0,0.10821087634543733,309.94215606598146,1.5,0.9958869327698645,195.8096965315005,10.0,0.798226814721036,110.73884439916995,10.0,0.4997345760474746,139.09075325925363,1.5,0.45418239166505675,3.5,2.5,1.5,0,0,0,1,1,1,1,1,0,1,0,0,0,0,0,7,7,3,8,2,10,3,10,3,10,10,9,0,4,8,4,12,7,dikesnet
73,112,202.80143621085773,10.0,0.41745299429703586,54.625859035046815,10.0,0.5154331420376052,99.60655893893833,1.5,0.5590922265931134,35.34422877932129,1.0,0.5365326043382328,309.21552793842903,1.5,0.5745977258149783,4.5,1.5,1.5,0,0,0,1,1,1,1,1,0,1,0,0,0,0,0,7,7,3,8,2,10,3,10,3,10,10,9,0,4,8,4,13,7,dikesnet
74,9,243.12406298763966,1.0,0.34995173056810597,233.8138258474296,10.0,0.8519526126366953,346.7223967099711,1.0,0.07313198150549985,250.75969318758007,1.0,0.7728326930786977,347.1850333880514,10.0,0.6447894882922346,2.5,3.5,4.5,0,0,0,1,1,1,1,1,0,1,0,0,0,0,0,7,7,3,8,2,10,3,10,3,10,10,9,0,4,8,4,14,7,dikesnet
75,42,74.63161507593591,1.5,0.5149865395471198,195.33636635276883,10.0,0.10526463767905496,235.37168834265873,1.0,0.8735655672383045,205.2647407097732,1.0,0.3382338621324737,186.63963372053135,10.0,0.021812355366111605,3.5,3.5,3.5,0,0,0,1,1,1,1,1,0,1,0,0,0,0,0,7,7,3,8,2,10,3,10,3,10,10,9,0,4,8,4,15,7,dikesnet
76,99,302.59913228211406,1.0,0.9235260123328162,111.3424266928658,1.0,0.03677613526893064,262.78188635431945,1.0,0.933431379963708,347.3698799070447,1.5,0.18664669275809234,51.9710901848417,1.5,0.9527553474189042,2.5,2.5,3.5,0,0,0,1,1,1,1,1,0,1,0,0,0,0,0,7,7,3,8,2,10,3,10,3,10,10,9,0,4,8,4,16,7,dikesnet
77,15,106.85614436461007,1.5,0.7261795858295452,141.8264383004304,10.0,0.7842455867482754,87.44334510059718,1.5,0.20394275214106017,298.2882547773944,10.0,0.9907582031754265,216.71159643351385,10.0,0.8440680318121723,4.5,4.5,2.5,0,0,0,1,1,1,1,1,0,1,0,0,0,0,0,7,7,3,8,2,10,3,10,3,10,10,9,0,4,8,4,17,7,dikesnet
78,73,148.5990597270477,1.0,0.22971486019157614,90.19319703368923,1.5,0.6307544930398573,310.04826698144126,1.5,0.4433053519414454,64.94722826411017,10.0,0.09346763143693447,238.7877882332433,1.0,0.3417509515835011,1.5,4.5,4.5,0,0,0,1,1,1,1,1,0,1,0,0,0,0,0,7,7,3,8,2,10,3,10,3,10,10,9,0,4,8,4,18,7,dikesnet
79,132,344.85918523783675,1.0,0.04240588548478036,325.49567658787544,1.5,0.2204640296252345,45.70264570718437,10.0,0.13167182363720215,184.02022866467,1.5,0.8691823270385117,71.52040507262075,1.0,0.18817491292035265,3.5,1.5,2.5,0,0,0,1,1,1,1,1,0,1,0,0,0,0,0,7,7,3,8,2,10,3,10,3,10,10,9,0,4,8,4,19,7,dikesnet
80,92,274.00040501395586,1.5,0.6432958699755473,183.0089200838041,1.0,0.4480793302956707,177.89711649502678,1.5,0.6553989815334761,157.94830128012234,1.0,0.2777795513113079,105.0692766184116,1.5,0.7022851371029166,1.5,4.5,1.5,1,1,0,0,0,0,1,0,0,1,0,0,1,0,0,3,2,3,1,9,0,7,6,9,5,9,6,3,6,10,3,10,8,dikesnet
81,30,52.3562562454838,10.0,0.8565146653811103,262.76631467655943,1.0,0.3475111018728007,131.3058797664705,10.0,0.35996482705449057,276.1148399398711,1.5,0.6189881223637693,276.3321487566978,1.0,0.23964801695814103,1.5,2.5,3.5,1,1,0,0,0,0,1,0,0,1,0,0,1,0,0,3,2,3,1,9,0,7,6,9,5,9,6,3,6,10,3,11,8,dikesnet
82,54,185.26570640531597,10.0,0.10821087634543733,309.94215606598146,1.5,0.9958869327698645,195.8096965315005,10.0,0.798226814721036,110.73884439916995,10.0,0.4997345760474746,139.09075325925363,1.5,0.45418239166505675,3.5,2.5,1.5,1,1,0,0,0,0,1,0,0,1,0,0,1,0,0,3,2,3,1,9,0,7,6,9,5,9,6,3,6,10,3,12,8,dikesnet
83,112,202.80143621085773,10.0,0.41745299429703586,54.625859035046815,10.0,0.5154331420376052,99.60655893893833,1.5,0.5590922265931134,35.34422877932129,1.0,0.5365326043382328,309.21552793842903,1.5,0.5745977258149783,4.5,1.5,1.5,1,1,0,0,0,0,1,0,0,1,0,0,1,0,0,3,2,3,1,9,0,7,6,9,5,9,6,3,6,10,3,13,8,dikesnet
84,9,243.12406298763966,1.0,0.34995173056810597,233.8138258474296,10.0,0.8519526126366953,346.7223967099711,1.0,0.07313198150549985,250.75969318758007,1.0,0.7728326930786977,347.1850333880514,10.0,0.6447894882922346,2.5,3.5,4.5,1,1,0,0,0,0,1,0,0,1,0,0,1,0,0,3,2,3,1,9,0,7,6,9,5,9,6,3,6,10,3,14,8,dikesnet
85,42,74.63161507593591,1.5,0.5149865395471198,195.33636635276883,10.0,0.10526463767905496,235.37168834265873,1.0,0.8735655672383045,205.2647407097732,1.0,0.3382338621324737,186.63963372053135,10.0,0.021812355366111605,3.5,3.5,3.5,1,1,0,0,0,0,1,0,0,1,0,0,1,0,0,3,2,3,1,9,0,7,6,9,5,9,6,3,6,10,3,15,8,dikesnet
86,99,302.59913228211406,1.0,0.9235260123328162,111.3424266928658,1.0,0.03677613526893064,262.78188635431945,1.0,0.933431379963708,347.3698799070447,1.5,0.18664669275809234,51.9710901848417,1.5,0.9527553474189042,2.5,2.5,3.5,1,1,0,0,0,0,1,0,0,1,0,0,1,0,0,3,2,3,1,9,0,7,6,9,5,9,6,3,6,10,3,16,8,dikesnet
87,15,106.85614436461007,1.5,0.7261795858295452,141.8264383004304,10.0,0.7842455867482754,87.44334510059718,1.5,0.20394275214106017,298.2882547773944,10.0,0.9907582031754265,216.71159643351385,10.0,0.8440680318121723,4.5,4.5,2.5,1,1,0,0,0,0,1,0,0,1,0,0,1,0,0,3,2,3,1,9,0,7,6,9,5,9,6,3,6,10,3,17,8,dikesnet
88,73,148.5990597270477,1.0,0.22971486019157614,90.19319703368923,1.5,0.6307544930398573,310.04826698144126,1.5,0.4433053519414454,64.94722826411017,10.0,0.09346763143693447,238.7877882332433,1.0,0.3417509515835011,1.5,4.5,4.5,1,1,0,0,0,0,1,0,0,1,0,0,1,0,0,3,2,3,1,9,0,7,6,9,5,9,6,3,6,10,3,18,8,dikesnet
89,132,344.85918523783675,1.0,0.04240588548478036,325.49567658787544,1.5,0.2204640296252345,45.70264570718437,10.0,0.13167182363720215,184.02022866467,1.5,0.8691823270385117,71.52040507262075,1.0,0.18817491292035265,3.5,1.5,2.5,1,1,0,0,0,0,1,0,0,1,0,0,1,0,0,3,2,3,1,9,0,7,6,9,5,9,6,3,6,10,3,19,8,dikesnet
90,92,274.00040501395586,1.5,0.6432958699755473,183.0089200838041,1.0,0.4480793302956707,177.89711649502678,1.5,0.6553989815334761,157.94830128012234,1.0,0.2777795513113079,105.0692766184116,1.5,0.7022851371029166,1.5,4.5,1.5,1,1,1,0,0,1,0,0,1,0,0,1,1,1,1,8,0,1,5,7,7,5,6,1,0,0,4,5,2,3,2,10,9,dikesnet
91,30,52.3562562454838,10.0,0.8565146653811103,262.76631467655943,1.0,0.3475111018728007,131.3058797664705,10.0,0.35996482705449057,276.1148399398711,1.5,0.6189881223637693,276.3321487566978,1.0,0.23964801695814103,1.5,2.5,3.5,1,1,1,0,0,1,0,0,1,0,0,1,1,1,1,8,0,1,5,7,7,5,6,1,0,0,4,5,2,3,2,11,9,dikesnet
92,54,185.26570640531597,10.0,0.10821087634543733,309.94215606598146,1.5,0.9958869327698645,195.8096965315005,10.0,0.798226814721036,110.73884439916995,10.0,0.4997345760474746,139.09075325925363,1.5,0.45418239166505675,3.5,2.5,1.5,1,1,1,0,0,1,0,0,1,0,0,1,1,1,1,8,0,1,5,7,7,5,6,1,0,0,4,5,2,3,2,12,9,dikesnet
93,112,202.80143621085773,10.0,0.41745299429703586,54.625859035046815,10.0,0.5154331420376052,99.60655893893833,1.5,0.5590922265931134,35.34422877932129,1.0,0.5365326043382328,309.21552793842903,1.5,0.5745977258149783,4.5,1.5,1.5,1,1,1,0,0,1,0,0,1,0,0,1,1,1,1,8,0,1,5,7,7,5,6,1,0,0,4,5,2,3,2,13,9,dikesnet
94,9,243.12406298763966,1.0,0.34995173056810597,233.8138258474296,10.0,0.8519526126366953,346.7223967099711,1.0,0.07313198150549985,250.75969318758007,1.0,0.7728326930786977,347.1850333880514,10.0,0.6447894882922346,2.5,3.5,4.5,1,1,1,0,0,1,0,0,1,0,0,1,1,1,1,8,0,1,5,7,7,5,6,1,0,0,4,5,2,3,2,14,9,dikesnet
95,42,74.63161507593591,1.5,0.5149865395471198,195.33636635276883,10.0,0.10526463767905496,235.37168834265873,1.0,0.8735655672383045,205.2647407097732,1.0,0.3382338621324737,186.63963372053135,10.0,0.021812355366111605,3.5,3.5,3.5,1,1,1,0,0,1,0,0,1,0,0,1,1,1,1,8,0,1,5,7,7,5,6,1,0,0,4,5,2,3,2,15,9,dikesnet
96,99,302.59913228211406,1.0,0.9235260123328162,111.3424266928658,1.0,0.03677613526893064,262.78188635431945,1.0,0.933431379963708,347.3698799070447,1.5,0.18664669275809234,51.9710901848417,1.5,0.9527553474189042,2.5,2.5,3.5,1,1,1,0,0,1,0,0,1,0,0,1,1,1,1,8,0,1,5,7,7,5,6,1,0,0,4,5,2,3,2,16,9,dikesnet
97,15,106.85614436461007,1.5,0.7261795858295452,141.8264383004304,10.0,0.7842455867482754,87.44334510059718,1.5,0.20394275214106017,298.2882547773944,10.0,0.9907582031754265,216.71159643351385,10.0,0.8440680318121723,4.5,4.5,2.5,1,1,1,0,0,1,0,0,1,0,0,1,1,1,1,8,0,1,5,7,7,5,6,1,0,0,4,5,2,3,2,17,9,dikesnet
98,73,148.5990597270477,1.0,0.22971486019157614,90.19319703368923,1.5,0.6307544930398573,310.04826698144126,1.5,0.4433053519414454,64.94722826411017,10.0,0.09346763143693447,238.7877882332433,1.0,0.3417509515835011,1.5,4.5,4.5,1,1,1,0,0,1,0,0,1,0,0,1,1,1,1,8,0,1,5,7,7,5,6,1,0,0,4,5,2,3,2,18,9,dikesnet
99,132,344.85918523783675,1.0,0.04240588548478036,325.49567658787544,1.5,0.2204640296252345,45.70264570718437,10.0,0.13167182363720215,184.02022866467,1.5,0.8691823270385117,71.52040507262075,1.0,0.18817491292035265,3.5,1.5,2.5,1,1,1,0,0,1,0,0,1,0,0,1,1,1,1,8,0,1,5,7,7,5,6,1,0,0,4,5,2,3,2,19,9,dikesnet
